billing_id,billing_date,cloud_provider,cloud_account_id,service,region,resource_id,usage_type,cost,currency,allocation_tag,product_id,feature_id,business_unit,billing_status,timestamp
BILL-2026-00001,2026-01-22,AWS,ACCT-IMAGING,Object Storage,us-east-1,res-img-storage-001,Standard-Storage-GB,739.76,USD,env=prod;bu=Radiology;product=Imaging,Medical Imaging Platform,Image Storage,Radiology,FINAL,2026-01-22T23:59:59Z
BILL-2026-00002,2026-01-25,AWS,ACCT-IMAGING,Compute,us-east-1,res-img-comp-001,vCPU-Hours,465.97,USD,,,,,FINAL,2026-01-25T23:59:59Z
BILL-2026-00003,2026-01-22,AWS,ACCT-IMAGING,Object Storage,us-east-1,res-img-storage-002,Standard-Storage-GB,749.44,USD,env=prod;bu=Radiology;product=Imaging,Medical Imaging Platform,Image Storage,Radiology,FINAL,2026-01-22T23:59:59Z
BILL-2026-00004,2026-01-20,AWS,ACCT-IMAGING,Compute,us-east-1,res-img-comp-002,vCPU-Hours,945.07,USD,,,,,FINAL,2026-01-20T23:59:59Z
BILL-2026-00005,2026-01-27,AWS,ACCT-IMAGING,Object Storage,us-east-1,res-img-storage-003,Standard-Storage-GB,328.84,USD,env=prod;bu=Radiology;product=Imaging,Medical Imaging Platform,Image Storage,Radiology,FINAL,2026-01-27T23:59:59Z
BILL-2026-00006,2026-01-16,AWS,ACCT-IMAGING,Compute,us-east-1,res-img-comp-003,vCPU-Hours,555.68,USD,,,,,FINAL,2026-01-16T23:59:59Z
BILL-2026-00007,2026-01-16,AWS,ACCT-IMAGING,Object Storage,us-east-1,res-img-storage-004,Standard-Storage-GB,531.23,USD,env=prod;bu=Radiology;product=Imaging,Medical Imaging Platform,Image Storage,Radiology,FINAL,2026-01-16T23:59:59Z
BILL-2026-00008,2026-01-27,AWS,ACCT-IMAGING,Compute,us-east-1,res-img-comp-004,vCPU-Hours,515.64,USD,,,,,FINAL,2026-01-27T23:59:59Z
BILL-2026-00009,2026-01-10,AWS,ACCT-IMAGING,Object Storage,us-east-1,res-img-storage-005,Standard-Storage-GB,737.15,USD,env=prod;bu=Radiology;product=Imaging,Medical Imaging Platform,Image Storage,Radiology,FINAL,2026-01-10T23:59:59Z
BILL-2026-00010,2026-01-14,AWS,ACCT-IMAGING,Compute,us-east-1,res-img-comp-005,vCPU-Hours,477.3,USD,,,,,FINAL,2026-01-14T23:59:59Z
BILL-2026-00011,2026-01-10,AWS,ACCT-IMAGING,Object Storage,us-east-1,res-img-storage-006,Standard-Storage-GB,490.15,USD,env=prod;bu=Radiology;product=Imaging,Medical Imaging Platform,Image Storage,Radiology,FINAL,2026-01-10T23:59:59Z
BILL-2026-00012,2026-01-27,AWS,ACCT-IMAGING,Compute,us-east-1,res-img-comp-006,vCPU-Hours,550.31,USD,,,,,FINAL,2026-01-27T23:59:59Z
BILL-2026-00013,2026-01-24,AWS,ACCT-IMAGING,Object Storage,us-east-1,res-img-storage-007,Standard-Storage-GB,773.97,USD,env=prod;bu=Radiology;product=Imaging,Medical Imaging Platform,Image Storage,Radiology,FINAL,2026-01-24T23:59:59Z
BILL-2026-00014,2026-01-10,AWS,ACCT-IMAGING,Compute,us-east-1,res-img-comp-007,vCPU-Hours,963.88,USD,,,,,FINAL,2026-01-10T23:59:59Z
BILL-2026-00015,2026-01-10,AWS,ACCT-IMAGING,Object Storage,us-east-1,res-img-storage-008,Standard-Storage-GB,594.57,USD,env=prod;bu=Radiology;product=Imaging,Medical Imaging Platform,Image Storage,Radiology,FINAL,2026-01-10T23:59:59Z
BILL-2026-00016,2026-01-15,AWS,ACCT-IMAGING,Compute,us-east-1,res-img-comp-008,vCPU-Hours,1293.87,USD,,,,,FINAL,2026-01-15T23:59:59Z
BILL-2026-00017,2026-01-12,AWS,ACCT-IMAGING,Object Storage,us-east-1,res-img-storage-009,Standard-Storage-GB,284.4,USD,env=prod;bu=Radiology;product=Imaging,Medical Imaging Platform,Image Storage,Radiology,FINAL,2026-01-12T23:59:59Z
BILL-2026-00018,2026-01-20,AWS,ACCT-IMAGING,Compute,us-east-1,res-img-comp-009,vCPU-Hours,768.12,USD,,,,,FINAL,2026-01-20T23:59:59Z
BILL-2026-00019,2026-01-10,AWS,ACCT-IMAGING,Object Storage,us-east-1,res-img-storage-010,Standard-Storage-GB,721.5,USD,env=prod;bu=Radiology;product=Imaging,Medical Imaging Platform,Image Storage,Radiology,FINAL,2026-01-10T23:59:59Z
BILL-2026-00020,2026-01-19,AWS,ACCT-IMAGING,Compute,us-east-1,res-img-comp-010,vCPU-Hours,417.66,USD,,,,,FINAL,2026-01-19T23:59:59Z
BILL-2026-00021,2026-01-25,AWS,ACCT-IMAGING,Object Storage,us-east-1,res-img-storage-011,Standard-Storage-GB,723.12,USD,env=prod;bu=Radiology;product=Imaging,Medical Imaging Platform,Image Storage,Radiology,FINAL,2026-01-25T23:59:59Z
BILL-2026-00022,2026-01-22,AWS,ACCT-IMAGING,Compute,us-east-1,res-img-comp-011,vCPU-Hours,565.93,USD,,,,,FINAL,2026-01-22T23:59:59Z
BILL-2026-00023,2026-01-12,AWS,ACCT-IMAGING,Object Storage,us-east-1,res-img-storage-012,Standard-Storage-GB,805.63,USD,env=prod;bu=Radiology;product=Imaging,Medical Imaging Platform,Image Storage,Radiology,FINAL,2026-01-12T23:59:59Z
BILL-2026-00024,2026-01-13,AWS,ACCT-IMAGING,Compute,us-east-1,res-img-comp-012,vCPU-Hours,566.09,USD,,,,,FINAL,2026-01-13T23:59:59Z
BILL-2026-00025,2026-01-25,AWS,ACCT-IMAGING,Object Storage,us-east-1,res-img-storage-013,Standard-Storage-GB,656.48,USD,env=prod;bu=Radiology;product=Imaging,Medical Imaging Platform,Image Storage,Radiology,FINAL,2026-01-25T23:59:59Z
BILL-2026-00026,2026-01-11,AWS,ACCT-IMAGING,Compute,us-east-1,res-img-comp-013,vCPU-Hours,522.16,USD,,,,,FINAL,2026-01-11T23:59:59Z
BILL-2026-00027,2026-01-15,AWS,ACCT-IMAGING,Object Storage,us-east-1,res-img-storage-014,Standard-Storage-GB,801.85,USD,env=prod;bu=Radiology;product=Imaging,Medical Imaging Platform,Image Storage,Radiology,FINAL,2026-01-15T23:59:59Z
BILL-2026-00028,2026-01-16,AWS,ACCT-IMAGING,Compute,us-east-1,res-img-comp-014,vCPU-Hours,691.91,USD,,,,,FINAL,2026-01-16T23:59:59Z
BILL-2026-00029,2026-01-23,AWS,ACCT-IMAGING,Object Storage,us-east-1,res-img-storage-015,Standard-Storage-GB,563.9,USD,env=prod;bu=Radiology;product=Imaging,Medical Imaging Platform,Image Storage,Radiology,FINAL,2026-01-23T23:59:59Z
BILL-2026-00030,2026-01-17,AWS,ACCT-IMAGING,Compute,us-east-1,res-img-comp-015,vCPU-Hours,1034.24,USD,,,,,FINAL,2026-01-17T23:59:59Z
BILL-2026-00031,2026-01-14,AWS,ACCT-IMAGING,Object Storage,us-east-1,res-img-storage-016,Standard-Storage-GB,556.28,USD,env=prod;bu=Radiology;product=Imaging,Medical Imaging Platform,Image Storage,Radiology,FINAL,2026-01-14T23:59:59Z
BILL-2026-00032,2026-01-18,AWS,ACCT-IMAGING,Compute,us-east-1,res-img-comp-016,vCPU-Hours,957.17,USD,,,,,FINAL,2026-01-18T23:59:59Z
BILL-2026-00033,2026-01-22,AWS,ACCT-IMAGING,Object Storage,us-east-1,res-img-storage-017,Standard-Storage-GB,501.69,USD,env=prod;bu=Radiology;product=Imaging,Medical Imaging Platform,Image Storage,Radiology,FINAL,2026-01-22T23:59:59Z
BILL-2026-00034,2026-01-19,AWS,ACCT-IMAGING,Compute,us-east-1,res-img-comp-017,vCPU-Hours,721.19,USD,,,,,FINAL,2026-01-19T23:59:59Z
BILL-2026-00035,2026-01-20,AWS,ACCT-IMAGING,Object Storage,us-east-1,res-img-storage-018,Standard-Storage-GB,432.59,USD,env=prod;bu=Radiology;product=Imaging,Medical Imaging Platform,Image Storage,Radiology,FINAL,2026-01-20T23:59:59Z
BILL-2026-00036,2026-01-15,AWS,ACCT-IMAGING,Compute,us-east-1,res-img-comp-018,vCPU-Hours,1298.83,USD,,,,,FINAL,2026-01-15T23:59:59Z
BILL-2026-00037,2026-01-25,AWS,ACCT-IMAGING,Object Storage,us-east-1,res-img-storage-019,Standard-Storage-GB,490.56,USD,env=prod;bu=Radiology;product=Imaging,Medical Imaging Platform,Image Storage,Radiology,FINAL,2026-01-25T23:59:59Z
BILL-2026-00038,2026-01-27,AWS,ACCT-IMAGING,Compute,us-east-1,res-img-comp-019,vCPU-Hours,742.18,USD,,,,,FINAL,2026-01-27T23:59:59Z
BILL-2026-00039,2026-01-22,AWS,ACCT-IMAGING,Object Storage,us-east-1,res-img-storage-020,Standard-Storage-GB,813.83,USD,env=prod;bu=Radiology;product=Imaging,Medical Imaging Platform,Image Storage,Radiology,FINAL,2026-01-22T23:59:59Z
BILL-2026-00040,2026-01-13,AWS,ACCT-IMAGING,Compute,us-east-1,res-img-comp-020,vCPU-Hours,713.39,USD,,,,,FINAL,2026-01-13T23:59:59Z
BILL-2026-00041,2026-01-18,AWS,ACCT-IMAGING,Object Storage,us-east-1,res-img-storage-021,Standard-Storage-GB,308.34,USD,env=prod;bu=Radiology;product=Imaging,Medical Imaging Platform,Image Storage,Radiology,FINAL,2026-01-18T23:59:59Z
BILL-2026-00042,2026-01-26,AWS,ACCT-IMAGING,Compute,us-east-1,res-img-comp-021,vCPU-Hours,897.53,USD,,,,,FINAL,2026-01-26T23:59:59Z
BILL-2026-00043,2026-01-16,AWS,ACCT-IMAGING,Object Storage,us-east-1,res-img-storage-022,Standard-Storage-GB,647.63,USD,env=prod;bu=Radiology;product=Imaging,Medical Imaging Platform,Image Storage,Radiology,FINAL,2026-01-16T23:59:59Z
BILL-2026-00044,2026-01-11,AWS,ACCT-IMAGING,Compute,us-east-1,res-img-comp-022,vCPU-Hours,1206.54,USD,,,,,FINAL,2026-01-11T23:59:59Z
BILL-2026-00045,2026-01-20,AWS,ACCT-IMAGING,Object Storage,us-east-1,res-img-storage-023,Standard-Storage-GB,835.82,USD,env=prod;bu=Radiology;product=Imaging,Medical Imaging Platform,Image Storage,Radiology,FINAL,2026-01-20T23:59:59Z
BILL-2026-00046,2026-01-22,AWS,ACCT-IMAGING,Compute,us-east-1,res-img-comp-023,vCPU-Hours,446.61,USD,,,,,FINAL,2026-01-22T23:59:59Z
BILL-2026-00047,2026-01-18,AWS,ACCT-IMAGING,Object Storage,us-east-1,res-img-storage-024,Standard-Storage-GB,643.29,USD,env=prod;bu=Radiology;product=Imaging,Medical Imaging Platform,Image Storage,Radiology,FINAL,2026-01-18T23:59:59Z
BILL-2026-00048,2026-01-28,AWS,ACCT-IMAGING,Compute,us-east-1,res-img-comp-024,vCPU-Hours,788.36,USD,,,,,FINAL,2026-01-28T23:59:59Z
BILL-2026-00049,2026-01-24,AWS,ACCT-IMAGING,Object Storage,us-east-1,res-img-storage-025,Standard-Storage-GB,809.14,USD,env=prod;bu=Radiology;product=Imaging,Medical Imaging Platform,Image Storage,Radiology,FINAL,2026-01-24T23:59:59Z
BILL-2026-00050,2026-01-26,AWS,ACCT-IMAGING,Compute,us-east-1,res-img-comp-025,vCPU-Hours,1192.66,USD,,,,,FINAL,2026-01-26T23:59:59Z
BILL-2026-00051,2026-01-17,AWS,ACCT-PORTAL,Container Platform,us-east-2,res-portal-app-001,Container-Hours,924.92,USD,env=prod;bu=PatientPortal;product=Portal,Patient Portal,Appointment Management,Patient Portal,FINAL,2026-01-17T23:59:59Z
BILL-2026-00052,2026-01-18,AWS,ACCT-PORTAL,Database,us-east-2,res-portal-db-001,IOPS-and-Storage,643.59,USD,,,,,FINAL,2026-01-18T23:59:59Z
BILL-2026-00053,2026-01-17,AWS,ACCT-PORTAL,Container Platform,us-east-2,res-portal-app-002,Container-Hours,351.07,USD,env=prod;bu=PatientPortal;product=Portal,Patient Portal,Appointment Management,Patient Portal,FINAL,2026-01-17T23:59:59Z
BILL-2026-00054,2026-01-14,AWS,ACCT-PORTAL,Database,us-east-2,res-portal-db-002,IOPS-and-Storage,648.6,USD,,,,,FINAL,2026-01-14T23:59:59Z
BILL-2026-00055,2026-01-17,AWS,ACCT-PORTAL,Container Platform,us-east-2,res-portal-app-003,Container-Hours,542.62,USD,env=prod;bu=PatientPortal;product=Portal,Patient Portal,Appointment Management,Patient Portal,FINAL,2026-01-17T23:59:59Z
BILL-2026-00056,2026-01-14,AWS,ACCT-PORTAL,Database,us-east-2,res-portal-db-003,IOPS-and-Storage,986.81,USD,,,,,FINAL,2026-01-14T23:59:59Z
BILL-2026-00057,2026-01-17,AWS,ACCT-PORTAL,Container Platform,us-east-2,res-portal-app-004,Container-Hours,590.55,USD,env=prod;bu=PatientPortal;product=Portal,Patient Portal,Appointment Management,Patient Portal,FINAL,2026-01-17T23:59:59Z
BILL-2026-00058,2026-01-21,AWS,ACCT-PORTAL,Database,us-east-2,res-portal-db-004,IOPS-and-Storage,478.92,USD,,,,,FINAL,2026-01-21T23:59:59Z
BILL-2026-00059,2026-01-15,AWS,ACCT-PORTAL,Container Platform,us-east-2,res-portal-app-005,Container-Hours,940.71,USD,env=prod;bu=PatientPortal;product=Portal,Patient Portal,Appointment Management,Patient Portal,FINAL,2026-01-15T23:59:59Z
BILL-2026-00060,2026-01-13,AWS,ACCT-PORTAL,Database,us-east-2,res-portal-db-005,IOPS-and-Storage,331.06,USD,,,,,FINAL,2026-01-13T23:59:59Z
BILL-2026-00061,2026-01-14,AWS,ACCT-PORTAL,Container Platform,us-east-2,res-portal-app-006,Container-Hours,898.55,USD,env=prod;bu=PatientPortal;product=Portal,Patient Portal,Appointment Management,Patient Portal,FINAL,2026-01-14T23:59:59Z
BILL-2026-00062,2026-01-11,AWS,ACCT-PORTAL,Database,us-east-2,res-portal-db-006,IOPS-and-Storage,998.81,USD,,,,,FINAL,2026-01-11T23:59:59Z
BILL-2026-00063,2026-01-11,AWS,ACCT-PORTAL,Container Platform,us-east-2,res-portal-app-007,Container-Hours,642.3,USD,env=prod;bu=PatientPortal;product=Portal,Patient Portal,Appointment Management,Patient Portal,FINAL,2026-01-11T23:59:59Z
BILL-2026-00064,2026-01-10,AWS,ACCT-PORTAL,Database,us-east-2,res-portal-db-007,IOPS-and-Storage,1022.76,USD,,,,,FINAL,2026-01-10T23:59:59Z
BILL-2026-00065,2026-01-23,AWS,ACCT-PORTAL,Container Platform,us-east-2,res-portal-app-008,Container-Hours,762.06,USD,env=prod;bu=PatientPortal;product=Portal,Patient Portal,Appointment Management,Patient Portal,FINAL,2026-01-23T23:59:59Z
BILL-2026-00066,2026-01-26,AWS,ACCT-PORTAL,Database,us-east-2,res-portal-db-008,IOPS-and-Storage,988.38,USD,,,,,FINAL,2026-01-26T23:59:59Z
BILL-2026-00067,2026-01-20,AWS,ACCT-PORTAL,Container Platform,us-east-2,res-portal-app-009,Container-Hours,944.73,USD,env=prod;bu=PatientPortal;product=Portal,Patient Portal,Appointment Management,Patient Portal,FINAL,2026-01-20T23:59:59Z
BILL-2026-00068,2026-01-21,AWS,ACCT-PORTAL,Database,us-east-2,res-portal-db-009,IOPS-and-Storage,779.39,USD,,,,,FINAL,2026-01-21T23:59:59Z
BILL-2026-00069,2026-01-18,AWS,ACCT-PORTAL,Container Platform,us-east-2,res-portal-app-010,Container-Hours,443.87,USD,env=prod;bu=PatientPortal;product=Portal,Patient Portal,Appointment Management,Patient Portal,FINAL,2026-01-18T23:59:59Z
BILL-2026-00070,2026-01-18,AWS,ACCT-PORTAL,Database,us-east-2,res-portal-db-010,IOPS-and-Storage,985.28,USD,,,,,FINAL,2026-01-18T23:59:59Z
BILL-2026-00071,2026-01-25,AWS,ACCT-PORTAL,Container Platform,us-east-2,res-portal-app-011,Container-Hours,654.32,USD,env=prod;bu=PatientPortal;product=Portal,Patient Portal,Appointment Management,Patient Portal,FINAL,2026-01-25T23:59:59Z
BILL-2026-00072,2026-01-26,AWS,ACCT-PORTAL,Database,us-east-2,res-portal-db-011,IOPS-and-Storage,534.24,USD,,,,,FINAL,2026-01-26T23:59:59Z
BILL-2026-00073,2026-01-28,AWS,ACCT-PORTAL,Container Platform,us-east-2,res-portal-app-012,Container-Hours,582.65,USD,env=prod;bu=PatientPortal;product=Portal,Patient Portal,Appointment Management,Patient Portal,FINAL,2026-01-28T23:59:59Z
BILL-2026-00074,2026-01-15,AWS,ACCT-PORTAL,Database,us-east-2,res-portal-db-012,IOPS-and-Storage,704.25,USD,,,,,FINAL,2026-01-15T23:59:59Z
BILL-2026-00075,2026-01-28,AWS,ACCT-PORTAL,Container Platform,us-east-2,res-portal-app-013,Container-Hours,413.36,USD,env=prod;bu=PatientPortal;product=Portal,Patient Portal,Appointment Management,Patient Portal,FINAL,2026-01-28T23:59:59Z
BILL-2026-00076,2026-01-14,AWS,ACCT-PORTAL,Database,us-east-2,res-portal-db-013,IOPS-and-Storage,427.8,USD,,,,,FINAL,2026-01-14T23:59:59Z
BILL-2026-00077,2026-01-28,AWS,ACCT-PORTAL,Container Platform,us-east-2,res-portal-app-014,Container-Hours,392.07,USD,env=prod;bu=PatientPortal;product=Portal,Patient Portal,Appointment Management,Patient Portal,FINAL,2026-01-28T23:59:59Z
BILL-2026-00078,2026-01-26,AWS,ACCT-PORTAL,Database,us-east-2,res-portal-db-014,IOPS-and-Storage,1046.8,USD,,,,,FINAL,2026-01-26T23:59:59Z
BILL-2026-00079,2026-01-23,AWS,ACCT-PORTAL,Container Platform,us-east-2,res-portal-app-015,Container-Hours,898.84,USD,env=prod;bu=PatientPortal;product=Portal,Patient Portal,Appointment Management,Patient Portal,FINAL,2026-01-23T23:59:59Z
BILL-2026-00080,2026-01-17,AWS,ACCT-PORTAL,Database,us-east-2,res-portal-db-015,IOPS-and-Storage,850.06,USD,,,,,FINAL,2026-01-17T23:59:59Z
BILL-2026-00081,2026-01-13,AWS,ACCT-PORTAL,Container Platform,us-east-2,res-portal-app-016,Container-Hours,635.5,USD,env=prod;bu=PatientPortal;product=Portal,Patient Portal,Appointment Management,Patient Portal,FINAL,2026-01-13T23:59:59Z
BILL-2026-00082,2026-01-15,AWS,ACCT-PORTAL,Database,us-east-2,res-portal-db-016,IOPS-and-Storage,958.96,USD,,,,,FINAL,2026-01-15T23:59:59Z
BILL-2026-00083,2026-01-22,AWS,ACCT-PORTAL,Container Platform,us-east-2,res-portal-app-017,Container-Hours,492.63,USD,env=prod;bu=PatientPortal;product=Portal,Patient Portal,Appointment Management,Patient Portal,FINAL,2026-01-22T23:59:59Z
BILL-2026-00084,2026-01-28,AWS,ACCT-PORTAL,Database,us-east-2,res-portal-db-017,IOPS-and-Storage,665.6,USD,,,,,FINAL,2026-01-28T23:59:59Z
BILL-2026-00085,2026-01-19,AWS,ACCT-PORTAL,Container Platform,us-east-2,res-portal-app-018,Container-Hours,438.09,USD,env=prod;bu=PatientPortal;product=Portal,Patient Portal,Appointment Management,Patient Portal,FINAL,2026-01-19T23:59:59Z
BILL-2026-00086,2026-01-16,AWS,ACCT-PORTAL,Database,us-east-2,res-portal-db-018,IOPS-and-Storage,307.14,USD,,,,,FINAL,2026-01-16T23:59:59Z
BILL-2026-00087,2026-01-12,AWS,ACCT-PORTAL,Container Platform,us-east-2,res-portal-app-019,Container-Hours,713.78,USD,env=prod;bu=PatientPortal;product=Portal,Patient Portal,Appointment Management,Patient Portal,FINAL,2026-01-12T23:59:59Z
BILL-2026-00088,2026-01-28,AWS,ACCT-PORTAL,Database,us-east-2,res-portal-db-019,IOPS-and-Storage,688.95,USD,,,,,FINAL,2026-01-28T23:59:59Z
BILL-2026-00089,2026-01-26,AWS,ACCT-PORTAL,Container Platform,us-east-2,res-portal-app-020,Container-Hours,849.46,USD,env=prod;bu=PatientPortal;product=Portal,Patient Portal,Appointment Management,Patient Portal,FINAL,2026-01-26T23:59:59Z
BILL-2026-00090,2026-01-28,AWS,ACCT-PORTAL,Database,us-east-2,res-portal-db-020,IOPS-and-Storage,807.19,USD,,,,,FINAL,2026-01-28T23:59:59Z
BILL-2026-00091,2026-01-14,AWS,ACCT-ANALYTICS,Compute,us-west-2,res-analytics-node-001,Memory-Optimized-Hours,546.02,USD,env=prod;bu=Analytics;product=ClinicalData,Clinical Analytics Platform,Report Generation,Clinical Analytics,FINAL,2026-01-14T23:59:59Z
BILL-2026-00092,2026-01-28,AWS,ACCT-ANALYTICS,Database,us-west-2,res-analytics-db-001,Warehouse-Compute-Credits,1092.49,USD,,,,,FINAL,2026-01-28T23:59:59Z
BILL-2026-00093,2026-01-28,AWS,ACCT-ANALYTICS,Compute,us-west-2,res-analytics-node-002,Memory-Optimized-Hours,654.35,USD,env=prod;bu=Analytics;product=ClinicalData,Clinical Analytics Platform,Report Generation,Clinical Analytics,FINAL,2026-01-28T23:59:59Z
BILL-2026-00094,2026-01-22,AWS,ACCT-ANALYTICS,Database,us-west-2,res-analytics-db-002,Warehouse-Compute-Credits,1015.82,USD,,,,,FINAL,2026-01-22T23:59:59Z
BILL-2026-00095,2026-01-17,AWS,ACCT-ANALYTICS,Compute,us-west-2,res-analytics-node-003,Memory-Optimized-Hours,925.4,USD,env=prod;bu=Analytics;product=ClinicalData,Clinical Analytics Platform,Report Generation,Clinical Analytics,FINAL,2026-01-17T23:59:59Z
BILL-2026-00096,2026-01-13,AWS,ACCT-ANALYTICS,Database,us-west-2,res-analytics-db-003,Warehouse-Compute-Credits,919.59,USD,,,,,FINAL,2026-01-13T23:59:59Z
BILL-2026-00097,2026-01-14,AWS,ACCT-ANALYTICS,Compute,us-west-2,res-analytics-node-004,Memory-Optimized-Hours,772.08,USD,env=prod;bu=Analytics;product=ClinicalData,Clinical Analytics Platform,Report Generation,Clinical Analytics,FINAL,2026-01-14T23:59:59Z
BILL-2026-00098,2026-01-23,AWS,ACCT-ANALYTICS,Database,us-west-2,res-analytics-db-004,Warehouse-Compute-Credits,529.47,USD,,,,,FINAL,2026-01-23T23:59:59Z
BILL-2026-00099,2026-01-27,AWS,ACCT-ANALYTICS,Compute,us-west-2,res-analytics-node-005,Memory-Optimized-Hours,1331.3,USD,env=prod;bu=Analytics;product=ClinicalData,Clinical Analytics Platform,Report Generation,Clinical Analytics,FINAL,2026-01-27T23:59:59Z
BILL-2026-00100,2026-01-25,AWS,ACCT-ANALYTICS,Database,us-west-2,res-analytics-db-005,Warehouse-Compute-Credits,1086.93,USD,,,,,FINAL,2026-01-25T23:59:59Z
BILL-2026-00101,2026-01-19,AWS,ACCT-ANALYTICS,Compute,us-west-2,res-analytics-node-006,Memory-Optimized-Hours,1058.08,USD,env=prod;bu=Analytics;product=ClinicalData,Clinical Analytics Platform,Report Generation,Clinical Analytics,FINAL,2026-01-19T23:59:59Z
BILL-2026-00102,2026-01-22,AWS,ACCT-ANALYTICS,Database,us-west-2,res-analytics-db-006,Warehouse-Compute-Credits,1006.61,USD,,,,,FINAL,2026-01-22T23:59:59Z
BILL-2026-00103,2026-01-22,AWS,ACCT-ANALYTICS,Compute,us-west-2,res-analytics-node-007,Memory-Optimized-Hours,1091.65,USD,env=prod;bu=Analytics;product=ClinicalData,Clinical Analytics Platform,Report Generation,Clinical Analytics,FINAL,2026-01-22T23:59:59Z
BILL-2026-00104,2026-01-10,AWS,ACCT-ANALYTICS,Database,us-west-2,res-analytics-db-007,Warehouse-Compute-Credits,923.34,USD,,,,,FINAL,2026-01-10T23:59:59Z
BILL-2026-00105,2026-01-17,AWS,ACCT-ANALYTICS,Compute,us-west-2,res-analytics-node-008,Memory-Optimized-Hours,611.5,USD,env=prod;bu=Analytics;product=ClinicalData,Clinical Analytics Platform,Report Generation,Clinical Analytics,FINAL,2026-01-17T23:59:59Z
BILL-2026-00106,2026-01-13,AWS,ACCT-ANALYTICS,Database,us-west-2,res-analytics-db-008,Warehouse-Compute-Credits,620.01,USD,,,,,FINAL,2026-01-13T23:59:59Z
BILL-2026-00107,2026-01-21,AWS,ACCT-ANALYTICS,Compute,us-west-2,res-analytics-node-009,Memory-Optimized-Hours,617.14,USD,env=prod;bu=Analytics;product=ClinicalData,Clinical Analytics Platform,Report Generation,Clinical Analytics,FINAL,2026-01-21T23:59:59Z
BILL-2026-00108,2026-01-12,AWS,ACCT-ANALYTICS,Database,us-west-2,res-analytics-db-009,Warehouse-Compute-Credits,1075.02,USD,,,,,FINAL,2026-01-12T23:59:59Z
BILL-2026-00109,2026-01-19,AWS,ACCT-ANALYTICS,Compute,us-west-2,res-analytics-node-010,Memory-Optimized-Hours,1366.44,USD,env=prod;bu=Analytics;product=ClinicalData,Clinical Analytics Platform,Report Generation,Clinical Analytics,FINAL,2026-01-19T23:59:59Z
BILL-2026-00110,2026-01-21,AWS,ACCT-ANALYTICS,Database,us-west-2,res-analytics-db-010,Warehouse-Compute-Credits,744.01,USD,,,,,FINAL,2026-01-21T23:59:59Z
BILL-2026-00111,2026-01-11,AWS,ACCT-ANALYTICS,Compute,us-west-2,res-analytics-node-011,Memory-Optimized-Hours,473.42,USD,env=prod;bu=Analytics;product=ClinicalData,Clinical Analytics Platform,Report Generation,Clinical Analytics,FINAL,2026-01-11T23:59:59Z
BILL-2026-00112,2026-01-12,AWS,ACCT-ANALYTICS,Database,us-west-2,res-analytics-db-011,Warehouse-Compute-Credits,561.09,USD,,,,,FINAL,2026-01-12T23:59:59Z
BILL-2026-00113,2026-01-15,AWS,ACCT-ANALYTICS,Compute,us-west-2,res-analytics-node-012,Memory-Optimized-Hours,1395.87,USD,env=prod;bu=Analytics;product=ClinicalData,Clinical Analytics Platform,Report Generation,Clinical Analytics,FINAL,2026-01-15T23:59:59Z
BILL-2026-00114,2026-01-22,AWS,ACCT-ANALYTICS,Database,us-west-2,res-analytics-db-012,Warehouse-Compute-Credits,337.04,USD,,,,,FINAL,2026-01-22T23:59:59Z
BILL-2026-00115,2026-01-21,AWS,ACCT-ANALYTICS,Compute,us-west-2,res-analytics-node-013,Memory-Optimized-Hours,820.58,USD,env=prod;bu=Analytics;product=ClinicalData,Clinical Analytics Platform,Report Generation,Clinical Analytics,FINAL,2026-01-21T23:59:59Z
BILL-2026-00116,2026-01-19,AWS,ACCT-ANALYTICS,Database,us-west-2,res-analytics-db-013,Warehouse-Compute-Credits,631.46,USD,,,,,FINAL,2026-01-19T23:59:59Z
BILL-2026-00117,2026-01-17,AWS,ACCT-ANALYTICS,Compute,us-west-2,res-analytics-node-014,Memory-Optimized-Hours,1231.39,USD,env=prod;bu=Analytics;product=ClinicalData,Clinical Analytics Platform,Report Generation,Clinical Analytics,FINAL,2026-01-17T23:59:59Z
BILL-2026-00118,2026-01-15,AWS,ACCT-ANALYTICS,Database,us-west-2,res-analytics-db-014,Warehouse-Compute-Credits,718.23,USD,,,,,FINAL,2026-01-15T23:59:59Z
BILL-2026-00119,2026-01-26,AWS,ACCT-ANALYTICS,Compute,us-west-2,res-analytics-node-015,Memory-Optimized-Hours,410.97,USD,env=prod;bu=Analytics;product=ClinicalData,Clinical Analytics Platform,Report Generation,Clinical Analytics,FINAL,2026-01-26T23:59:59Z
BILL-2026-00120,2026-01-28,AWS,ACCT-ANALYTICS,Database,us-west-2,res-analytics-db-015,Warehouse-Compute-Credits,1063.36,USD,,,,,FINAL,2026-01-28T23:59:59Z
BILL-2026-00121,2026-01-25,AWS,ACCT-ANALYTICS,Compute,us-west-2,res-analytics-node-016,Memory-Optimized-Hours,993.31,USD,env=prod;bu=Analytics;product=ClinicalData,Clinical Analytics Platform,Report Generation,Clinical Analytics,FINAL,2026-01-25T23:59:59Z
BILL-2026-00122,2026-01-23,AWS,ACCT-ANALYTICS,Database,us-west-2,res-analytics-db-016,Warehouse-Compute-Credits,1060.1,USD,,,,,FINAL,2026-01-23T23:59:59Z
BILL-2026-00123,2026-01-27,AWS,ACCT-ANALYTICS,Compute,us-west-2,res-analytics-node-017,Memory-Optimized-Hours,440.93,USD,env=prod;bu=Analytics;product=ClinicalData,Clinical Analytics Platform,Report Generation,Clinical Analytics,FINAL,2026-01-27T23:59:59Z
BILL-2026-00124,2026-01-21,AWS,ACCT-ANALYTICS,Database,us-west-2,res-analytics-db-017,Warehouse-Compute-Credits,766.11,USD,,,,,FINAL,2026-01-21T23:59:59Z
BILL-2026-00125,2026-01-16,AWS,ACCT-ANALYTICS,Compute,us-west-2,res-analytics-node-018,Memory-Optimized-Hours,845.68,USD,env=prod;bu=Analytics;product=ClinicalData,Clinical Analytics Platform,Report Generation,Clinical Analytics,FINAL,2026-01-16T23:59:59Z
BILL-2026-00126,2026-01-19,AWS,ACCT-ANALYTICS,Database,us-west-2,res-analytics-db-018,Warehouse-Compute-Credits,1013.35,USD,,,,,FINAL,2026-01-19T23:59:59Z
BILL-2026-00127,2026-01-24,AWS,ACCT-ANALYTICS,Compute,us-west-2,res-analytics-node-019,Memory-Optimized-Hours,1383.59,USD,env=prod;bu=Analytics;product=ClinicalData,Clinical Analytics Platform,Report Generation,Clinical Analytics,FINAL,2026-01-24T23:59:59Z
BILL-2026-00128,2026-01-19,AWS,ACCT-ANALYTICS,Database,us-west-2,res-analytics-db-019,Warehouse-Compute-Credits,953.82,USD,,,,,FINAL,2026-01-19T23:59:59Z
BILL-2026-00129,2026-01-13,AWS,ACCT-ANALYTICS,Compute,us-west-2,res-analytics-node-020,Memory-Optimized-Hours,658.73,USD,env=prod;bu=Analytics;product=ClinicalData,Clinical Analytics Platform,Report Generation,Clinical Analytics,FINAL,2026-01-13T23:59:59Z
BILL-2026-00130,2026-01-17,AWS,ACCT-ANALYTICS,Database,us-west-2,res-analytics-db-020,Warehouse-Compute-Credits,422.05,USD,,,,,FINAL,2026-01-17T23:59:59Z
BILL-2026-00131,2026-01-13,AWS,ACCT-BACKUP,Backup,us-east-1,res-backup-vault-001,Archive-Storage-GB,188.54,USD,,,,,FINAL,2026-01-13T23:59:59Z
BILL-2026-00132,2026-01-27,AWS,ACCT-LOGGING,Logging,us-east-1,res-log-ingest-001,Log-Ingested-GB,150.44,USD,,,,,FINAL,2026-01-27T23:59:59Z
BILL-2026-00133,2026-01-26,AWS,ACCT-BACKUP,Backup,us-east-1,res-backup-vault-002,Archive-Storage-GB,289.69,USD,,,,,FINAL,2026-01-26T23:59:59Z
BILL-2026-00134,2026-01-15,AWS,ACCT-LOGGING,Logging,us-east-1,res-log-ingest-002,Log-Ingested-GB,294.16,USD,,,,,FINAL,2026-01-15T23:59:59Z
BILL-2026-00135,2026-01-16,AWS,ACCT-BACKUP,Backup,us-east-1,res-backup-vault-003,Archive-Storage-GB,188.52,USD,,,,,FINAL,2026-01-16T23:59:59Z
BILL-2026-00136,2026-01-17,AWS,ACCT-LOGGING,Logging,us-east-1,res-log-ingest-003,Log-Ingested-GB,412.51,USD,,,,,FINAL,2026-01-17T23:59:59Z
BILL-2026-00137,2026-01-19,AWS,ACCT-BACKUP,Backup,us-east-1,res-backup-vault-004,Archive-Storage-GB,232.8,USD,,,,,FINAL,2026-01-19T23:59:59Z
BILL-2026-00138,2026-01-19,AWS,ACCT-LOGGING,Logging,us-east-1,res-log-ingest-004,Log-Ingested-GB,428.85,USD,,,,,FINAL,2026-01-19T23:59:59Z
BILL-2026-00139,2026-01-18,AWS,ACCT-BACKUP,Backup,us-east-1,res-backup-vault-005,Archive-Storage-GB,487.19,USD,,,,,FINAL,2026-01-18T23:59:59Z
BILL-2026-00140,2026-01-15,AWS,ACCT-LOGGING,Logging,us-east-1,res-log-ingest-005,Log-Ingested-GB,450.35,USD,,,,,FINAL,2026-01-15T23:59:59Z
BILL-2026-00141,2026-01-20,AWS,ACCT-BACKUP,Backup,us-east-1,res-backup-vault-006,Archive-Storage-GB,336.86,USD,,,,,FINAL,2026-01-20T23:59:59Z
BILL-2026-00142,2026-01-25,AWS,ACCT-LOGGING,Logging,us-east-1,res-log-ingest-006,Log-Ingested-GB,228.45,USD,,,,,FINAL,2026-01-25T23:59:59Z
BILL-2026-00143,2026-01-12,AWS,ACCT-BACKUP,Backup,us-east-1,res-backup-vault-007,Archive-Storage-GB,552.53,USD,,,,,FINAL,2026-01-12T23:59:59Z
BILL-2026-00144,2026-01-10,AWS,ACCT-LOGGING,Logging,us-east-1,res-log-ingest-007,Log-Ingested-GB,454.38,USD,,,,,FINAL,2026-01-10T23:59:59Z
BILL-2026-00145,2026-01-25,AWS,ACCT-BACKUP,Backup,us-east-1,res-backup-vault-008,Archive-Storage-GB,492.49,USD,,,,,FINAL,2026-01-25T23:59:59Z
BILL-2026-00146,2026-01-16,AWS,ACCT-LOGGING,Logging,us-east-1,res-log-ingest-008,Log-Ingested-GB,414.78,USD,,,,,FINAL,2026-01-16T23:59:59Z
BILL-2026-00147,2026-01-25,AWS,ACCT-BACKUP,Backup,us-east-1,res-backup-vault-009,Archive-Storage-GB,521.73,USD,,,,,FINAL,2026-01-25T23:59:59Z
BILL-2026-00148,2026-01-15,AWS,ACCT-LOGGING,Logging,us-east-1,res-log-ingest-009,Log-Ingested-GB,276.34,USD,,,,,FINAL,2026-01-15T23:59:59Z
BILL-2026-00149,2026-01-16,AWS,ACCT-BACKUP,Backup,us-east-1,res-backup-vault-010,Archive-Storage-GB,568.58,USD,,,,,FINAL,2026-01-16T23:59:59Z
BILL-2026-00150,2026-01-22,AWS,ACCT-LOGGING,Logging,us-east-1,res-log-ingest-010,Log-Ingested-GB,469.12,USD,,,,,FINAL,2026-01-22T23:59:59Z
BILL-2026-00151,2026-01-24,AWS,ACCT-BACKUP,Backup,us-east-1,res-backup-vault-011,Archive-Storage-GB,594.29,USD,,,,,FINAL,2026-01-24T23:59:59Z
BILL-2026-00152,2026-01-13,AWS,ACCT-LOGGING,Logging,us-east-1,res-log-ingest-011,Log-Ingested-GB,499.01,USD,,,,,FINAL,2026-01-13T23:59:59Z
BILL-2026-00153,2026-01-12,AWS,ACCT-BACKUP,Backup,us-east-1,res-backup-vault-012,Archive-Storage-GB,387.99,USD,,,,,FINAL,2026-01-12T23:59:59Z
BILL-2026-00154,2026-01-21,AWS,ACCT-LOGGING,Logging,us-east-1,res-log-ingest-012,Log-Ingested-GB,417.52,USD,,,,,FINAL,2026-01-21T23:59:59Z
BILL-2026-00155,2026-01-20,AWS,ACCT-BACKUP,Backup,us-east-1,res-backup-vault-013,Archive-Storage-GB,245.88,USD,,,,,FINAL,2026-01-20T23:59:59Z
BILL-2026-00156,2026-01-10,AWS,ACCT-LOGGING,Logging,us-east-1,res-log-ingest-013,Log-Ingested-GB,165.41,USD,,,,,FINAL,2026-01-10T23:59:59Z
BILL-2026-00157,2026-01-13,AWS,ACCT-BACKUP,Backup,us-east-1,res-backup-vault-014,Archive-Storage-GB,435.3,USD,,,,,FINAL,2026-01-13T23:59:59Z
BILL-2026-00158,2026-01-12,AWS,ACCT-LOGGING,Logging,us-east-1,res-log-ingest-014,Log-Ingested-GB,365.36,USD,,,,,FINAL,2026-01-12T23:59:59Z
BILL-2026-00159,2026-01-15,AWS,ACCT-BACKUP,Backup,us-east-1,res-backup-vault-015,Archive-Storage-GB,350.02,USD,,,,,FINAL,2026-01-15T23:59:59Z
BILL-2026-00160,2026-01-17,AWS,ACCT-LOGGING,Logging,us-east-1,res-log-ingest-015,Log-Ingested-GB,359.77,USD,,,,,FINAL,2026-01-17T23:59:59Z
BILL-2026-00161,2026-01-20,AWS,ACCT-SHARED,Container Platform,us-east-1,res-shared-k8s-cluster-01,Shared-K8s-Node-Hours,782.82,USD,,,,,FINAL,2026-01-20T23:59:59Z
BILL-2026-00162,2026-01-14,AWS,ACCT-SHARED,Data Transfer,us-east-1,res-shared-gateway-01,Inter-Region-Data-GB,366.89,USD,,,,,FINAL,2026-01-14T23:59:59Z
BILL-2026-00163,2026-01-22,AWS,ACCT-SHARED,Container Platform,us-east-1,res-shared-k8s-cluster-02,Shared-K8s-Node-Hours,710.4,USD,,,,,FINAL,2026-01-22T23:59:59Z
BILL-2026-00164,2026-01-10,AWS,ACCT-SHARED,Data Transfer,us-east-1,res-shared-gateway-02,Inter-Region-Data-GB,215.95,USD,,,,,FINAL,2026-01-10T23:59:59Z
BILL-2026-00165,2026-01-21,AWS,ACCT-SHARED,Container Platform,us-east-1,res-shared-k8s-cluster-03,Shared-K8s-Node-Hours,664.6,USD,,,,,FINAL,2026-01-21T23:59:59Z
BILL-2026-00166,2026-01-15,AWS,ACCT-SHARED,Data Transfer,us-east-1,res-shared-gateway-03,Inter-Region-Data-GB,145.17,USD,,,,,FINAL,2026-01-15T23:59:59Z
BILL-2026-00167,2026-01-22,AWS,ACCT-SHARED,Container Platform,us-east-1,res-shared-k8s-cluster-04,Shared-K8s-Node-Hours,855.07,USD,,,,,FINAL,2026-01-22T23:59:59Z
BILL-2026-00168,2026-01-13,AWS,ACCT-SHARED,Data Transfer,us-east-1,res-shared-gateway-04,Inter-Region-Data-GB,176.73,USD,,,,,FINAL,2026-01-13T23:59:59Z
BILL-2026-00169,2026-01-18,AWS,ACCT-SHARED,Container Platform,us-east-1,res-shared-k8s-cluster-05,Shared-K8s-Node-Hours,748.34,USD,,,,,FINAL,2026-01-18T23:59:59Z
BILL-2026-00170,2026-01-15,AWS,ACCT-SHARED,Data Transfer,us-east-1,res-shared-gateway-05,Inter-Region-Data-GB,354.63,USD,,,,,FINAL,2026-01-15T23:59:59Z
BILL-2026-00171,2026-01-17,AWS,ACCT-SHARED,Container Platform,us-east-1,res-shared-k8s-cluster-06,Shared-K8s-Node-Hours,665.05,USD,,,,,FINAL,2026-01-17T23:59:59Z
BILL-2026-00172,2026-01-12,AWS,ACCT-SHARED,Data Transfer,us-east-1,res-shared-gateway-06,Inter-Region-Data-GB,180.04,USD,,,,,FINAL,2026-01-12T23:59:59Z
BILL-2026-00173,2026-01-27,AWS,ACCT-SHARED,Container Platform,us-east-1,res-shared-k8s-cluster-07,Shared-K8s-Node-Hours,371.66,USD,,,,,FINAL,2026-01-27T23:59:59Z
BILL-2026-00174,2026-01-28,AWS,ACCT-SHARED,Data Transfer,us-east-1,res-shared-gateway-07,Inter-Region-Data-GB,193.51,USD,,,,,FINAL,2026-01-28T23:59:59Z
BILL-2026-00175,2026-01-24,AWS,ACCT-SHARED,Container Platform,us-east-1,res-shared-k8s-cluster-08,Shared-K8s-Node-Hours,612.8,USD,,,,,FINAL,2026-01-24T23:59:59Z
BILL-2026-00176,2026-01-25,AWS,ACCT-SHARED,Data Transfer,us-east-1,res-shared-gateway-08,Inter-Region-Data-GB,106.41,USD,,,,,FINAL,2026-01-25T23:59:59Z
BILL-2026-00177,2026-01-27,AWS,ACCT-SHARED,Container Platform,us-east-1,res-shared-k8s-cluster-09,Shared-K8s-Node-Hours,458.92,USD,,,,,FINAL,2026-01-27T23:59:59Z
BILL-2026-00178,2026-01-27,AWS,ACCT-SHARED,Data Transfer,us-east-1,res-shared-gateway-09,Inter-Region-Data-GB,153.29,USD,,,,,FINAL,2026-01-27T23:59:59Z
BILL-2026-00179,2026-01-19,AWS,ACCT-SHARED,Container Platform,us-east-1,res-shared-k8s-cluster-10,Shared-K8s-Node-Hours,551.79,USD,,,,,FINAL,2026-01-19T23:59:59Z
BILL-2026-00180,2026-01-11,AWS,ACCT-SHARED,Data Transfer,us-east-1,res-shared-gateway-10,Inter-Region-Data-GB,318.58,USD,,,,,FINAL,2026-01-11T23:59:59Z
BILL-2026-00181,2026-01-16,AWS,ACCT-SHARED,Container Platform,us-east-1,res-shared-k8s-cluster-11,Shared-K8s-Node-Hours,853.79,USD,,,,,FINAL,2026-01-16T23:59:59Z
BILL-2026-00182,2026-01-15,AWS,ACCT-SHARED,Data Transfer,us-east-1,res-shared-gateway-11,Inter-Region-Data-GB,146.06,USD,,,,,FINAL,2026-01-15T23:59:59Z
BILL-2026-00183,2026-01-17,AWS,ACCT-SHARED,Container Platform,us-east-1,res-shared-k8s-cluster-12,Shared-K8s-Node-Hours,772.39,USD,,,,,FINAL,2026-01-17T23:59:59Z
BILL-2026-00184,2026-01-11,AWS,ACCT-SHARED,Data Transfer,us-east-1,res-shared-gateway-12,Inter-Region-Data-GB,249.91,USD,,,,,FINAL,2026-01-11T23:59:59Z
BILL-2026-00185,2026-01-27,AWS,ACCT-SHARED,Container Platform,us-east-1,res-shared-k8s-cluster-13,Shared-K8s-Node-Hours,685.1,USD,,,,,FINAL,2026-01-27T23:59:59Z
BILL-2026-00186,2026-01-11,AWS,ACCT-SHARED,Data Transfer,us-east-1,res-shared-gateway-13,Inter-Region-Data-GB,384.33,USD,,,,,FINAL,2026-01-11T23:59:59Z
BILL-2026-00187,2026-01-18,AWS,ACCT-SHARED,Container Platform,us-east-1,res-shared-k8s-cluster-14,Shared-K8s-Node-Hours,721.37,USD,,,,,FINAL,2026-01-18T23:59:59Z
BILL-2026-00188,2026-01-23,AWS,ACCT-SHARED,Data Transfer,us-east-1,res-shared-gateway-14,Inter-Region-Data-GB,205,USD,,,,,FINAL,2026-01-23T23:59:59Z
BILL-2026-00189,2026-01-28,AWS,ACCT-SHARED,Container Platform,us-east-1,res-shared-k8s-cluster-15,Shared-K8s-Node-Hours,626.77,USD,,,,,FINAL,2026-01-28T23:59:59Z
BILL-2026-00190,2026-01-13,AWS,ACCT-SHARED,Data Transfer,us-east-1,res-shared-gateway-15,Inter-Region-Data-GB,161.79,USD,,,,,FINAL,2026-01-13T23:59:59Z
BILL-2026-00191,2026-01-24,AWS,ACCT-SHARED,Serverless,us-east-1,res-orphan-serverless-001,Function-Invocations,240.11,USD,,,,,FINAL,2026-01-24T23:59:59Z
BILL-2026-00192,2026-01-22,AWS,ACCT-SHARED,Object Storage,us-west-2,res-conflict-storage-002,Standard-Storage-GB,517.75,USD,,,,,FINAL,2026-01-22T23:59:59Z
BILL-2026-00193,2026-01-25,AWS,ACCT-ANALYTICS,Compute,us-west-2,res-corrupt-prod-003,vCPU-Hours,1356.31,USD,env=prod;bu=Analytics;product=ClinicalData,Clinical Analytics Platform,Report Generation,Clinical Analytics,FINAL,2026-01-25T23:59:59Z
BILL-2026-00194,2026-01-28,AWS,ACCT-IMAGING,Compute,us-east-1,res-spike-imaging-gpu-004,GPU-Processing-Hours,1841.72,USD,,,,,FINAL,2026-01-28T23:59:59Z
BILL-2026-00195,2026-02-23,AWS,ACCT-IMAGING,Object Storage,us-east-1,res-img-storage-001,Standard-Storage-GB,341.9,USD,env=prod;bu=Radiology;product=Imaging,Medical Imaging Platform,Image Storage,Radiology,FINAL,2026-02-23T23:59:59Z
BILL-2026-00196,2026-02-21,AWS,ACCT-IMAGING,Compute,us-east-1,res-img-comp-001,vCPU-Hours,668.47,USD,,,,,FINAL,2026-02-21T23:59:59Z
BILL-2026-00197,2026-02-12,AWS,ACCT-IMAGING,Object Storage,us-east-1,res-img-storage-002,Standard-Storage-GB,497.87,USD,env=prod;bu=Radiology;product=Imaging,Medical Imaging Platform,Image Storage,Radiology,FINAL,2026-02-12T23:59:59Z
BILL-2026-00198,2026-02-25,AWS,ACCT-IMAGING,Compute,us-east-1,res-img-comp-002,vCPU-Hours,523.99,USD,,,,,FINAL,2026-02-25T23:59:59Z
BILL-2026-00199,2026-02-12,AWS,ACCT-IMAGING,Object Storage,us-east-1,res-img-storage-003,Standard-Storage-GB,810.89,USD,env=prod;bu=Radiology;product=Imaging,Medical Imaging Platform,Image Storage,Radiology,FINAL,2026-02-12T23:59:59Z
BILL-2026-00200,2026-02-24,AWS,ACCT-IMAGING,Compute,us-east-1,res-img-comp-003,vCPU-Hours,790.94,USD,,,,,FINAL,2026-02-24T23:59:59Z
BILL-2026-00201,2026-02-21,AWS,ACCT-IMAGING,Object Storage,us-east-1,res-img-storage-004,Standard-Storage-GB,548.88,USD,env=prod;bu=Radiology;product=Imaging,Medical Imaging Platform,Image Storage,Radiology,FINAL,2026-02-21T23:59:59Z
BILL-2026-00202,2026-02-25,AWS,ACCT-IMAGING,Compute,us-east-1,res-img-comp-004,vCPU-Hours,795.47,USD,,,,,FINAL,2026-02-25T23:59:59Z
BILL-2026-00203,2026-02-21,AWS,ACCT-IMAGING,Object Storage,us-east-1,res-img-storage-005,Standard-Storage-GB,638.14,USD,env=prod;bu=Radiology;product=Imaging,Medical Imaging Platform,Image Storage,Radiology,FINAL,2026-02-21T23:59:59Z
BILL-2026-00204,2026-02-17,AWS,ACCT-IMAGING,Compute,us-east-1,res-img-comp-005,vCPU-Hours,421.9,USD,,,,,FINAL,2026-02-17T23:59:59Z
BILL-2026-00205,2026-02-13,AWS,ACCT-IMAGING,Object Storage,us-east-1,res-img-storage-006,Standard-Storage-GB,638.42,USD,env=prod;bu=Radiology;product=Imaging,Medical Imaging Platform,Image Storage,Radiology,FINAL,2026-02-13T23:59:59Z
BILL-2026-00206,2026-02-11,AWS,ACCT-IMAGING,Compute,us-east-1,res-img-comp-006,vCPU-Hours,407.32,USD,,,,,FINAL,2026-02-11T23:59:59Z
BILL-2026-00207,2026-02-23,AWS,ACCT-IMAGING,Object Storage,us-east-1,res-img-storage-007,Standard-Storage-GB,453.05,USD,env=prod;bu=Radiology;product=Imaging,Medical Imaging Platform,Image Storage,Radiology,FINAL,2026-02-23T23:59:59Z
BILL-2026-00208,2026-02-28,AWS,ACCT-IMAGING,Compute,us-east-1,res-img-comp-007,vCPU-Hours,923.62,USD,,,,,FINAL,2026-02-28T23:59:59Z
BILL-2026-00209,2026-02-22,AWS,ACCT-IMAGING,Object Storage,us-east-1,res-img-storage-008,Standard-Storage-GB,634.09,USD,env=prod;bu=Radiology;product=Imaging,Medical Imaging Platform,Image Storage,Radiology,FINAL,2026-02-22T23:59:59Z
BILL-2026-00210,2026-02-15,AWS,ACCT-IMAGING,Compute,us-east-1,res-img-comp-008,vCPU-Hours,564.3,USD,,,,,FINAL,2026-02-15T23:59:59Z
BILL-2026-00211,2026-02-22,AWS,ACCT-IMAGING,Object Storage,us-east-1,res-img-storage-009,Standard-Storage-GB,296.5,USD,env=prod;bu=Radiology;product=Imaging,Medical Imaging Platform,Image Storage,Radiology,FINAL,2026-02-22T23:59:59Z
BILL-2026-00212,2026-02-21,AWS,ACCT-IMAGING,Compute,us-east-1,res-img-comp-009,vCPU-Hours,854.17,USD,,,,,FINAL,2026-02-21T23:59:59Z
BILL-2026-00213,2026-02-21,AWS,ACCT-IMAGING,Object Storage,us-east-1,res-img-storage-010,Standard-Storage-GB,412.73,USD,env=prod;bu=Radiology;product=Imaging,Medical Imaging Platform,Image Storage,Radiology,FINAL,2026-02-21T23:59:59Z
BILL-2026-00214,2026-02-21,AWS,ACCT-IMAGING,Compute,us-east-1,res-img-comp-010,vCPU-Hours,1348.27,USD,,,,,FINAL,2026-02-21T23:59:59Z
BILL-2026-00215,2026-02-18,AWS,ACCT-IMAGING,Object Storage,us-east-1,res-img-storage-011,Standard-Storage-GB,793.64,USD,env=prod;bu=Radiology;product=Imaging,Medical Imaging Platform,Image Storage,Radiology,FINAL,2026-02-18T23:59:59Z
BILL-2026-00216,2026-02-15,AWS,ACCT-IMAGING,Compute,us-east-1,res-img-comp-011,vCPU-Hours,1274.77,USD,,,,,FINAL,2026-02-15T23:59:59Z
BILL-2026-00217,2026-02-10,AWS,ACCT-IMAGING,Object Storage,us-east-1,res-img-storage-012,Standard-Storage-GB,314.65,USD,env=prod;bu=Radiology;product=Imaging,Medical Imaging Platform,Image Storage,Radiology,FINAL,2026-02-10T23:59:59Z
BILL-2026-00218,2026-02-22,AWS,ACCT-IMAGING,Compute,us-east-1,res-img-comp-012,vCPU-Hours,1204.9,USD,,,,,FINAL,2026-02-22T23:59:59Z
BILL-2026-00219,2026-02-14,AWS,ACCT-IMAGING,Object Storage,us-east-1,res-img-storage-013,Standard-Storage-GB,421.24,USD,env=prod;bu=Radiology;product=Imaging,Medical Imaging Platform,Image Storage,Radiology,FINAL,2026-02-14T23:59:59Z
BILL-2026-00220,2026-02-26,AWS,ACCT-IMAGING,Compute,us-east-1,res-img-comp-013,vCPU-Hours,751.03,USD,,,,,FINAL,2026-02-26T23:59:59Z
BILL-2026-00221,2026-02-18,AWS,ACCT-IMAGING,Object Storage,us-east-1,res-img-storage-014,Standard-Storage-GB,547.56,USD,env=prod;bu=Radiology;product=Imaging,Medical Imaging Platform,Image Storage,Radiology,FINAL,2026-02-18T23:59:59Z
BILL-2026-00222,2026-02-24,AWS,ACCT-IMAGING,Compute,us-east-1,res-img-comp-014,vCPU-Hours,1241.25,USD,,,,,FINAL,2026-02-24T23:59:59Z
BILL-2026-00223,2026-02-16,AWS,ACCT-IMAGING,Object Storage,us-east-1,res-img-storage-015,Standard-Storage-GB,808.05,USD,env=prod;bu=Radiology;product=Imaging,Medical Imaging Platform,Image Storage,Radiology,FINAL,2026-02-16T23:59:59Z
BILL-2026-00224,2026-02-17,AWS,ACCT-IMAGING,Compute,us-east-1,res-img-comp-015,vCPU-Hours,1149.97,USD,,,,,FINAL,2026-02-17T23:59:59Z
BILL-2026-00225,2026-02-16,AWS,ACCT-IMAGING,Object Storage,us-east-1,res-img-storage-016,Standard-Storage-GB,664.26,USD,env=prod;bu=Radiology;product=Imaging,Medical Imaging Platform,Image Storage,Radiology,FINAL,2026-02-16T23:59:59Z
BILL-2026-00226,2026-02-28,AWS,ACCT-IMAGING,Compute,us-east-1,res-img-comp-016,vCPU-Hours,836.65,USD,,,,,FINAL,2026-02-28T23:59:59Z
BILL-2026-00227,2026-02-12,AWS,ACCT-IMAGING,Object Storage,us-east-1,res-img-storage-017,Standard-Storage-GB,444.05,USD,env=prod;bu=Radiology;product=Imaging,Medical Imaging Platform,Image Storage,Radiology,FINAL,2026-02-12T23:59:59Z
BILL-2026-00228,2026-02-25,AWS,ACCT-IMAGING,Compute,us-east-1,res-img-comp-017,vCPU-Hours,898.14,USD,,,,,FINAL,2026-02-25T23:59:59Z
BILL-2026-00229,2026-02-25,AWS,ACCT-IMAGING,Object Storage,us-east-1,res-img-storage-018,Standard-Storage-GB,555.97,USD,env=prod;bu=Radiology;product=Imaging,Medical Imaging Platform,Image Storage,Radiology,FINAL,2026-02-25T23:59:59Z
BILL-2026-00230,2026-02-15,AWS,ACCT-IMAGING,Compute,us-east-1,res-img-comp-018,vCPU-Hours,972.13,USD,,,,,FINAL,2026-02-15T23:59:59Z
BILL-2026-00231,2026-02-14,AWS,ACCT-IMAGING,Object Storage,us-east-1,res-img-storage-019,Standard-Storage-GB,546.26,USD,env=prod;bu=Radiology;product=Imaging,Medical Imaging Platform,Image Storage,Radiology,FINAL,2026-02-14T23:59:59Z
BILL-2026-00232,2026-02-13,AWS,ACCT-IMAGING,Compute,us-east-1,res-img-comp-019,vCPU-Hours,1047.16,USD,,,,,FINAL,2026-02-13T23:59:59Z
BILL-2026-00233,2026-02-19,AWS,ACCT-IMAGING,Object Storage,us-east-1,res-img-storage-020,Standard-Storage-GB,593.9,USD,env=prod;bu=Radiology;product=Imaging,Medical Imaging Platform,Image Storage,Radiology,FINAL,2026-02-19T23:59:59Z
BILL-2026-00234,2026-02-13,AWS,ACCT-IMAGING,Compute,us-east-1,res-img-comp-020,vCPU-Hours,943.8,USD,,,,,FINAL,2026-02-13T23:59:59Z
BILL-2026-00235,2026-02-22,AWS,ACCT-IMAGING,Object Storage,us-east-1,res-img-storage-021,Standard-Storage-GB,274.42,USD,env=prod;bu=Radiology;product=Imaging,Medical Imaging Platform,Image Storage,Radiology,FINAL,2026-02-22T23:59:59Z
BILL-2026-00236,2026-02-12,AWS,ACCT-IMAGING,Compute,us-east-1,res-img-comp-021,vCPU-Hours,1229.84,USD,,,,,FINAL,2026-02-12T23:59:59Z
BILL-2026-00237,2026-02-27,AWS,ACCT-IMAGING,Object Storage,us-east-1,res-img-storage-022,Standard-Storage-GB,338.72,USD,env=prod;bu=Radiology;product=Imaging,Medical Imaging Platform,Image Storage,Radiology,FINAL,2026-02-27T23:59:59Z
BILL-2026-00238,2026-02-12,AWS,ACCT-IMAGING,Compute,us-east-1,res-img-comp-022,vCPU-Hours,722.17,USD,,,,,FINAL,2026-02-12T23:59:59Z
BILL-2026-00239,2026-02-17,AWS,ACCT-IMAGING,Object Storage,us-east-1,res-img-storage-023,Standard-Storage-GB,787.65,USD,env=prod;bu=Radiology;product=Imaging,Medical Imaging Platform,Image Storage,Radiology,FINAL,2026-02-17T23:59:59Z
BILL-2026-00240,2026-02-18,AWS,ACCT-IMAGING,Compute,us-east-1,res-img-comp-023,vCPU-Hours,866.9,USD,,,,,FINAL,2026-02-18T23:59:59Z
BILL-2026-00241,2026-02-23,AWS,ACCT-IMAGING,Object Storage,us-east-1,res-img-storage-024,Standard-Storage-GB,382.17,USD,env=prod;bu=Radiology;product=Imaging,Medical Imaging Platform,Image Storage,Radiology,FINAL,2026-02-23T23:59:59Z
BILL-2026-00242,2026-02-18,AWS,ACCT-IMAGING,Compute,us-east-1,res-img-comp-024,vCPU-Hours,728.16,USD,,,,,FINAL,2026-02-18T23:59:59Z
BILL-2026-00243,2026-02-12,AWS,ACCT-IMAGING,Object Storage,us-east-1,res-img-storage-025,Standard-Storage-GB,568.12,USD,env=prod;bu=Radiology;product=Imaging,Medical Imaging Platform,Image Storage,Radiology,FINAL,2026-02-12T23:59:59Z
BILL-2026-00244,2026-02-16,AWS,ACCT-IMAGING,Compute,us-east-1,res-img-comp-025,vCPU-Hours,864.07,USD,,,,,FINAL,2026-02-16T23:59:59Z
BILL-2026-00245,2026-02-12,AWS,ACCT-PORTAL,Container Platform,us-east-2,res-portal-app-001,Container-Hours,618.93,USD,env=prod;bu=PatientPortal;product=Portal,Patient Portal,Appointment Management,Patient Portal,FINAL,2026-02-12T23:59:59Z
BILL-2026-00246,2026-02-21,AWS,ACCT-PORTAL,Database,us-east-2,res-portal-db-001,IOPS-and-Storage,313,USD,,,,,FINAL,2026-02-21T23:59:59Z
BILL-2026-00247,2026-02-13,AWS,ACCT-PORTAL,Container Platform,us-east-2,res-portal-app-002,Container-Hours,878.19,USD,env=prod;bu=PatientPortal;product=Portal,Patient Portal,Appointment Management,Patient Portal,FINAL,2026-02-13T23:59:59Z
BILL-2026-00248,2026-02-20,AWS,ACCT-PORTAL,Database,us-east-2,res-portal-db-002,IOPS-and-Storage,733.1,USD,,,,,FINAL,2026-02-20T23:59:59Z
BILL-2026-00249,2026-02-15,AWS,ACCT-PORTAL,Container Platform,us-east-2,res-portal-app-003,Container-Hours,929.43,USD,env=prod;bu=PatientPortal;product=Portal,Patient Portal,Appointment Management,Patient Portal,FINAL,2026-02-15T23:59:59Z
BILL-2026-00250,2026-02-13,AWS,ACCT-PORTAL,Database,us-east-2,res-portal-db-003,IOPS-and-Storage,760.92,USD,,,,,FINAL,2026-02-13T23:59:59Z
BILL-2026-00251,2026-02-14,AWS,ACCT-PORTAL,Container Platform,us-east-2,res-portal-app-004,Container-Hours,408.18,USD,env=prod;bu=PatientPortal;product=Portal,Patient Portal,Appointment Management,Patient Portal,FINAL,2026-02-14T23:59:59Z
BILL-2026-00252,2026-02-15,AWS,ACCT-PORTAL,Database,us-east-2,res-portal-db-004,IOPS-and-Storage,991.42,USD,,,,,FINAL,2026-02-15T23:59:59Z
BILL-2026-00253,2026-02-14,AWS,ACCT-PORTAL,Container Platform,us-east-2,res-portal-app-005,Container-Hours,774.34,USD,env=prod;bu=PatientPortal;product=Portal,Patient Portal,Appointment Management,Patient Portal,FINAL,2026-02-14T23:59:59Z
BILL-2026-00254,2026-02-21,AWS,ACCT-PORTAL,Database,us-east-2,res-portal-db-005,IOPS-and-Storage,822.12,USD,,,,,FINAL,2026-02-21T23:59:59Z
BILL-2026-00255,2026-02-23,AWS,ACCT-PORTAL,Container Platform,us-east-2,res-portal-app-006,Container-Hours,504.87,USD,env=prod;bu=PatientPortal;product=Portal,Patient Portal,Appointment Management,Patient Portal,FINAL,2026-02-23T23:59:59Z
BILL-2026-00256,2026-02-28,AWS,ACCT-PORTAL,Database,us-east-2,res-portal-db-006,IOPS-and-Storage,493.24,USD,,,,,FINAL,2026-02-28T23:59:59Z
BILL-2026-00257,2026-02-19,AWS,ACCT-PORTAL,Container Platform,us-east-2,res-portal-app-007,Container-Hours,544.3,USD,env=prod;bu=PatientPortal;product=Portal,Patient Portal,Appointment Management,Patient Portal,FINAL,2026-02-19T23:59:59Z
BILL-2026-00258,2026-02-22,AWS,ACCT-PORTAL,Database,us-east-2,res-portal-db-007,IOPS-and-Storage,551.06,USD,,,,,FINAL,2026-02-22T23:59:59Z
BILL-2026-00259,2026-02-10,AWS,ACCT-PORTAL,Container Platform,us-east-2,res-portal-app-008,Container-Hours,891.1,USD,env=prod;bu=PatientPortal;product=Portal,Patient Portal,Appointment Management,Patient Portal,FINAL,2026-02-10T23:59:59Z
BILL-2026-00260,2026-02-26,AWS,ACCT-PORTAL,Database,us-east-2,res-portal-db-008,IOPS-and-Storage,1091.68,USD,,,,,FINAL,2026-02-26T23:59:59Z
BILL-2026-00261,2026-02-11,AWS,ACCT-PORTAL,Container Platform,us-east-2,res-portal-app-009,Container-Hours,420.2,USD,env=prod;bu=PatientPortal;product=Portal,Patient Portal,Appointment Management,Patient Portal,FINAL,2026-02-11T23:59:59Z
BILL-2026-00262,2026-02-17,AWS,ACCT-PORTAL,Database,us-east-2,res-portal-db-009,IOPS-and-Storage,506.17,USD,,,,,FINAL,2026-02-17T23:59:59Z
BILL-2026-00263,2026-02-16,AWS,ACCT-PORTAL,Container Platform,us-east-2,res-portal-app-010,Container-Hours,811.86,USD,env=prod;bu=PatientPortal;product=Portal,Patient Portal,Appointment Management,Patient Portal,FINAL,2026-02-16T23:59:59Z
BILL-2026-00264,2026-02-10,AWS,ACCT-PORTAL,Database,us-east-2,res-portal-db-010,IOPS-and-Storage,416.11,USD,,,,,FINAL,2026-02-10T23:59:59Z
BILL-2026-00265,2026-02-15,AWS,ACCT-PORTAL,Container Platform,us-east-2,res-portal-app-011,Container-Hours,549.51,USD,env=prod;bu=PatientPortal;product=Portal,Patient Portal,Appointment Management,Patient Portal,FINAL,2026-02-15T23:59:59Z
BILL-2026-00266,2026-02-16,AWS,ACCT-PORTAL,Database,us-east-2,res-portal-db-011,IOPS-and-Storage,845.61,USD,,,,,FINAL,2026-02-16T23:59:59Z
BILL-2026-00267,2026-02-16,AWS,ACCT-PORTAL,Container Platform,us-east-2,res-portal-app-012,Container-Hours,374.34,USD,env=prod;bu=PatientPortal;product=Portal,Patient Portal,Appointment Management,Patient Portal,FINAL,2026-02-16T23:59:59Z
BILL-2026-00268,2026-02-18,AWS,ACCT-PORTAL,Database,us-east-2,res-portal-db-012,IOPS-and-Storage,371.92,USD,,,,,FINAL,2026-02-18T23:59:59Z
BILL-2026-00269,2026-02-10,AWS,ACCT-PORTAL,Container Platform,us-east-2,res-portal-app-013,Container-Hours,367.63,USD,env=prod;bu=PatientPortal;product=Portal,Patient Portal,Appointment Management,Patient Portal,FINAL,2026-02-10T23:59:59Z
BILL-2026-00270,2026-02-14,AWS,ACCT-PORTAL,Database,us-east-2,res-portal-db-013,IOPS-and-Storage,916.5,USD,,,,,FINAL,2026-02-14T23:59:59Z
BILL-2026-00271,2026-02-26,AWS,ACCT-PORTAL,Container Platform,us-east-2,res-portal-app-014,Container-Hours,408.12,USD,env=prod;bu=PatientPortal;product=Portal,Patient Portal,Appointment Management,Patient Portal,FINAL,2026-02-26T23:59:59Z
BILL-2026-00272,2026-02-13,AWS,ACCT-PORTAL,Database,us-east-2,res-portal-db-014,IOPS-and-Storage,358.36,USD,,,,,FINAL,2026-02-13T23:59:59Z
BILL-2026-00273,2026-02-13,AWS,ACCT-PORTAL,Container Platform,us-east-2,res-portal-app-015,Container-Hours,359.02,USD,env=prod;bu=PatientPortal;product=Portal,Patient Portal,Appointment Management,Patient Portal,FINAL,2026-02-13T23:59:59Z
BILL-2026-00274,2026-02-13,AWS,ACCT-PORTAL,Database,us-east-2,res-portal-db-015,IOPS-and-Storage,779.14,USD,,,,,FINAL,2026-02-13T23:59:59Z
BILL-2026-00275,2026-02-25,AWS,ACCT-PORTAL,Container Platform,us-east-2,res-portal-app-016,Container-Hours,919.06,USD,env=prod;bu=PatientPortal;product=Portal,Patient Portal,Appointment Management,Patient Portal,FINAL,2026-02-25T23:59:59Z
BILL-2026-00276,2026-02-28,AWS,ACCT-PORTAL,Database,us-east-2,res-portal-db-016,IOPS-and-Storage,402.81,USD,,,,,FINAL,2026-02-28T23:59:59Z
BILL-2026-00277,2026-02-28,AWS,ACCT-PORTAL,Container Platform,us-east-2,res-portal-app-017,Container-Hours,852.51,USD,env=prod;bu=PatientPortal;product=Portal,Patient Portal,Appointment Management,Patient Portal,FINAL,2026-02-28T23:59:59Z
BILL-2026-00278,2026-02-17,AWS,ACCT-PORTAL,Database,us-east-2,res-portal-db-017,IOPS-and-Storage,484.51,USD,,,,,FINAL,2026-02-17T23:59:59Z
BILL-2026-00279,2026-02-26,AWS,ACCT-PORTAL,Container Platform,us-east-2,res-portal-app-018,Container-Hours,381.42,USD,env=prod;bu=PatientPortal;product=Portal,Patient Portal,Appointment Management,Patient Portal,FINAL,2026-02-26T23:59:59Z
BILL-2026-00280,2026-02-11,AWS,ACCT-PORTAL,Database,us-east-2,res-portal-db-018,IOPS-and-Storage,638.86,USD,,,,,FINAL,2026-02-11T23:59:59Z
BILL-2026-00281,2026-02-20,AWS,ACCT-PORTAL,Container Platform,us-east-2,res-portal-app-019,Container-Hours,516.27,USD,env=prod;bu=PatientPortal;product=Portal,Patient Portal,Appointment Management,Patient Portal,FINAL,2026-02-20T23:59:59Z
BILL-2026-00282,2026-02-25,AWS,ACCT-PORTAL,Database,us-east-2,res-portal-db-019,IOPS-and-Storage,719.14,USD,,,,,FINAL,2026-02-25T23:59:59Z
BILL-2026-00283,2026-02-27,AWS,ACCT-PORTAL,Container Platform,us-east-2,res-portal-app-020,Container-Hours,570.44,USD,env=prod;bu=PatientPortal;product=Portal,Patient Portal,Appointment Management,Patient Portal,FINAL,2026-02-27T23:59:59Z
BILL-2026-00284,2026-02-18,AWS,ACCT-PORTAL,Database,us-east-2,res-portal-db-020,IOPS-and-Storage,410.55,USD,,,,,FINAL,2026-02-18T23:59:59Z
BILL-2026-00285,2026-02-22,AWS,ACCT-ANALYTICS,Compute,us-west-2,res-analytics-node-001,Memory-Optimized-Hours,1263.33,USD,env=prod;bu=Analytics;product=ClinicalData,Clinical Analytics Platform,Report Generation,Clinical Analytics,FINAL,2026-02-22T23:59:59Z
BILL-2026-00286,2026-02-14,AWS,ACCT-ANALYTICS,Database,us-west-2,res-analytics-db-001,Warehouse-Compute-Credits,781.7,USD,,,,,FINAL,2026-02-14T23:59:59Z
BILL-2026-00287,2026-02-25,AWS,ACCT-ANALYTICS,Compute,us-west-2,res-analytics-node-002,Memory-Optimized-Hours,1281.36,USD,env=prod;bu=Analytics;product=ClinicalData,Clinical Analytics Platform,Report Generation,Clinical Analytics,FINAL,2026-02-25T23:59:59Z
BILL-2026-00288,2026-02-16,AWS,ACCT-ANALYTICS,Database,us-west-2,res-analytics-db-002,Warehouse-Compute-Credits,499.92,USD,,,,,FINAL,2026-02-16T23:59:59Z
BILL-2026-00289,2026-02-17,AWS,ACCT-ANALYTICS,Compute,us-west-2,res-analytics-node-003,Memory-Optimized-Hours,453.9,USD,env=prod;bu=Analytics;product=ClinicalData,Clinical Analytics Platform,Report Generation,Clinical Analytics,FINAL,2026-02-17T23:59:59Z
BILL-2026-00290,2026-02-20,AWS,ACCT-ANALYTICS,Database,us-west-2,res-analytics-db-003,Warehouse-Compute-Credits,432.45,USD,,,,,FINAL,2026-02-20T23:59:59Z
BILL-2026-00291,2026-02-24,AWS,ACCT-ANALYTICS,Compute,us-west-2,res-analytics-node-004,Memory-Optimized-Hours,922.68,USD,env=prod;bu=Analytics;product=ClinicalData,Clinical Analytics Platform,Report Generation,Clinical Analytics,FINAL,2026-02-24T23:59:59Z
BILL-2026-00292,2026-02-13,AWS,ACCT-ANALYTICS,Database,us-west-2,res-analytics-db-004,Warehouse-Compute-Credits,904.19,USD,,,,,FINAL,2026-02-13T23:59:59Z
BILL-2026-00293,2026-02-13,AWS,ACCT-ANALYTICS,Compute,us-west-2,res-analytics-node-005,Memory-Optimized-Hours,1355.75,USD,env=prod;bu=Analytics;product=ClinicalData,Clinical Analytics Platform,Report Generation,Clinical Analytics,FINAL,2026-02-13T23:59:59Z
BILL-2026-00294,2026-02-12,AWS,ACCT-ANALYTICS,Database,us-west-2,res-analytics-db-005,Warehouse-Compute-Credits,818.72,USD,,,,,FINAL,2026-02-12T23:59:59Z
BILL-2026-00295,2026-02-21,AWS,ACCT-ANALYTICS,Compute,us-west-2,res-analytics-node-006,Memory-Optimized-Hours,929.55,USD,env=prod;bu=Analytics;product=ClinicalData,Clinical Analytics Platform,Report Generation,Clinical Analytics,FINAL,2026-02-21T23:59:59Z
BILL-2026-00296,2026-02-11,AWS,ACCT-ANALYTICS,Database,us-west-2,res-analytics-db-006,Warehouse-Compute-Credits,533.21,USD,,,,,FINAL,2026-02-11T23:59:59Z
BILL-2026-00297,2026-02-11,AWS,ACCT-ANALYTICS,Compute,us-west-2,res-analytics-node-007,Memory-Optimized-Hours,884.36,USD,env=prod;bu=Analytics;product=ClinicalData,Clinical Analytics Platform,Report Generation,Clinical Analytics,FINAL,2026-02-11T23:59:59Z
BILL-2026-00298,2026-02-16,AWS,ACCT-ANALYTICS,Database,us-west-2,res-analytics-db-007,Warehouse-Compute-Credits,588.81,USD,,,,,FINAL,2026-02-16T23:59:59Z
BILL-2026-00299,2026-02-13,AWS,ACCT-ANALYTICS,Compute,us-west-2,res-analytics-node-008,Memory-Optimized-Hours,476.99,USD,env=prod;bu=Analytics;product=ClinicalData,Clinical Analytics Platform,Report Generation,Clinical Analytics,FINAL,2026-02-13T23:59:59Z
BILL-2026-00300,2026-02-24,AWS,ACCT-ANALYTICS,Database,us-west-2,res-analytics-db-008,Warehouse-Compute-Credits,1085.79,USD,,,,,FINAL,2026-02-24T23:59:59Z
BILL-2026-00301,2026-02-26,AWS,ACCT-ANALYTICS,Compute,us-west-2,res-analytics-node-009,Memory-Optimized-Hours,425.61,USD,env=prod;bu=Analytics;product=ClinicalData,Clinical Analytics Platform,Report Generation,Clinical Analytics,FINAL,2026-02-26T23:59:59Z
BILL-2026-00302,2026-02-14,AWS,ACCT-ANALYTICS,Database,us-west-2,res-analytics-db-009,Warehouse-Compute-Credits,474.33,USD,,,,,FINAL,2026-02-14T23:59:59Z
BILL-2026-00303,2026-02-21,AWS,ACCT-ANALYTICS,Compute,us-west-2,res-analytics-node-010,Memory-Optimized-Hours,653.3,USD,env=prod;bu=Analytics;product=ClinicalData,Clinical Analytics Platform,Report Generation,Clinical Analytics,FINAL,2026-02-21T23:59:59Z
BILL-2026-00304,2026-02-20,AWS,ACCT-ANALYTICS,Database,us-west-2,res-analytics-db-010,Warehouse-Compute-Credits,912.43,USD,,,,,FINAL,2026-02-20T23:59:59Z
BILL-2026-00305,2026-02-14,AWS,ACCT-ANALYTICS,Compute,us-west-2,res-analytics-node-011,Memory-Optimized-Hours,1066.21,USD,env=prod;bu=Analytics;product=ClinicalData,Clinical Analytics Platform,Report Generation,Clinical Analytics,FINAL,2026-02-14T23:59:59Z
BILL-2026-00306,2026-02-27,AWS,ACCT-ANALYTICS,Database,us-west-2,res-analytics-db-011,Warehouse-Compute-Credits,908.96,USD,,,,,FINAL,2026-02-27T23:59:59Z
BILL-2026-00307,2026-02-20,AWS,ACCT-ANALYTICS,Compute,us-west-2,res-analytics-node-012,Memory-Optimized-Hours,891.68,USD,env=prod;bu=Analytics;product=ClinicalData,Clinical Analytics Platform,Report Generation,Clinical Analytics,FINAL,2026-02-20T23:59:59Z
BILL-2026-00308,2026-02-11,AWS,ACCT-ANALYTICS,Database,us-west-2,res-analytics-db-012,Warehouse-Compute-Credits,1063.11,USD,,,,,FINAL,2026-02-11T23:59:59Z
BILL-2026-00309,2026-02-16,AWS,ACCT-ANALYTICS,Compute,us-west-2,res-analytics-node-013,Memory-Optimized-Hours,405.53,USD,env=prod;bu=Analytics;product=ClinicalData,Clinical Analytics Platform,Report Generation,Clinical Analytics,FINAL,2026-02-16T23:59:59Z
BILL-2026-00310,2026-02-15,AWS,ACCT-ANALYTICS,Database,us-west-2,res-analytics-db-013,Warehouse-Compute-Credits,604.69,USD,,,,,FINAL,2026-02-15T23:59:59Z
BILL-2026-00311,2026-02-24,AWS,ACCT-ANALYTICS,Compute,us-west-2,res-analytics-node-014,Memory-Optimized-Hours,990.02,USD,env=prod;bu=Analytics;product=ClinicalData,Clinical Analytics Platform,Report Generation,Clinical Analytics,FINAL,2026-02-24T23:59:59Z
BILL-2026-00312,2026-02-22,AWS,ACCT-ANALYTICS,Database,us-west-2,res-analytics-db-014,Warehouse-Compute-Credits,1076.29,USD,,,,,FINAL,2026-02-22T23:59:59Z
BILL-2026-00313,2026-02-14,AWS,ACCT-ANALYTICS,Compute,us-west-2,res-analytics-node-015,Memory-Optimized-Hours,569.79,USD,env=prod;bu=Analytics;product=ClinicalData,Clinical Analytics Platform,Report Generation,Clinical Analytics,FINAL,2026-02-14T23:59:59Z
BILL-2026-00314,2026-02-17,AWS,ACCT-ANALYTICS,Database,us-west-2,res-analytics-db-015,Warehouse-Compute-Credits,633.38,USD,,,,,FINAL,2026-02-17T23:59:59Z
BILL-2026-00315,2026-02-16,AWS,ACCT-ANALYTICS,Compute,us-west-2,res-analytics-node-016,Memory-Optimized-Hours,738.69,USD,env=prod;bu=Analytics;product=ClinicalData,Clinical Analytics Platform,Report Generation,Clinical Analytics,FINAL,2026-02-16T23:59:59Z
BILL-2026-00316,2026-02-22,AWS,ACCT-ANALYTICS,Database,us-west-2,res-analytics-db-016,Warehouse-Compute-Credits,437.51,USD,,,,,FINAL,2026-02-22T23:59:59Z
BILL-2026-00317,2026-02-15,AWS,ACCT-ANALYTICS,Compute,us-west-2,res-analytics-node-017,Memory-Optimized-Hours,448.24,USD,env=prod;bu=Analytics;product=ClinicalData,Clinical Analytics Platform,Report Generation,Clinical Analytics,FINAL,2026-02-15T23:59:59Z
BILL-2026-00318,2026-02-15,AWS,ACCT-ANALYTICS,Database,us-west-2,res-analytics-db-017,Warehouse-Compute-Credits,948.5,USD,,,,,FINAL,2026-02-15T23:59:59Z
BILL-2026-00319,2026-02-20,AWS,ACCT-ANALYTICS,Compute,us-west-2,res-analytics-node-018,Memory-Optimized-Hours,676.24,USD,env=prod;bu=Analytics;product=ClinicalData,Clinical Analytics Platform,Report Generation,Clinical Analytics,FINAL,2026-02-20T23:59:59Z
BILL-2026-00320,2026-02-28,AWS,ACCT-ANALYTICS,Database,us-west-2,res-analytics-db-018,Warehouse-Compute-Credits,757.22,USD,,,,,FINAL,2026-02-28T23:59:59Z
BILL-2026-00321,2026-02-18,AWS,ACCT-ANALYTICS,Compute,us-west-2,res-analytics-node-019,Memory-Optimized-Hours,1298.5,USD,env=prod;bu=Analytics;product=ClinicalData,Clinical Analytics Platform,Report Generation,Clinical Analytics,FINAL,2026-02-18T23:59:59Z
BILL-2026-00322,2026-02-20,AWS,ACCT-ANALYTICS,Database,us-west-2,res-analytics-db-019,Warehouse-Compute-Credits,636.71,USD,,,,,FINAL,2026-02-20T23:59:59Z
BILL-2026-00323,2026-02-22,AWS,ACCT-ANALYTICS,Compute,us-west-2,res-analytics-node-020,Memory-Optimized-Hours,1116.45,USD,env=prod;bu=Analytics;product=ClinicalData,Clinical Analytics Platform,Report Generation,Clinical Analytics,FINAL,2026-02-22T23:59:59Z
BILL-2026-00324,2026-02-27,AWS,ACCT-ANALYTICS,Database,us-west-2,res-analytics-db-020,Warehouse-Compute-Credits,314.16,USD,,,,,FINAL,2026-02-27T23:59:59Z
BILL-2026-00325,2026-02-14,AWS,ACCT-BACKUP,Backup,us-east-1,res-backup-vault-001,Archive-Storage-GB,488.71,USD,,,,,FINAL,2026-02-14T23:59:59Z
BILL-2026-00326,2026-02-24,AWS,ACCT-LOGGING,Logging,us-east-1,res-log-ingest-001,Log-Ingested-GB,163.23,USD,,,,,FINAL,2026-02-24T23:59:59Z
BILL-2026-00327,2026-02-25,AWS,ACCT-BACKUP,Backup,us-east-1,res-backup-vault-002,Archive-Storage-GB,390.59,USD,,,,,FINAL,2026-02-25T23:59:59Z
BILL-2026-00328,2026-02-15,AWS,ACCT-LOGGING,Logging,us-east-1,res-log-ingest-002,Log-Ingested-GB,312.62,USD,,,,,FINAL,2026-02-15T23:59:59Z
BILL-2026-00329,2026-02-27,AWS,ACCT-BACKUP,Backup,us-east-1,res-backup-vault-003,Archive-Storage-GB,483.23,USD,,,,,FINAL,2026-02-27T23:59:59Z
BILL-2026-00330,2026-02-13,AWS,ACCT-LOGGING,Logging,us-east-1,res-log-ingest-003,Log-Ingested-GB,235.02,USD,,,,,FINAL,2026-02-13T23:59:59Z
BILL-2026-00331,2026-02-26,AWS,ACCT-BACKUP,Backup,us-east-1,res-backup-vault-004,Archive-Storage-GB,572.12,USD,,,,,FINAL,2026-02-26T23:59:59Z
BILL-2026-00332,2026-02-24,AWS,ACCT-LOGGING,Logging,us-east-1,res-log-ingest-004,Log-Ingested-GB,436.53,USD,,,,,FINAL,2026-02-24T23:59:59Z
BILL-2026-00333,2026-02-26,AWS,ACCT-BACKUP,Backup,us-east-1,res-backup-vault-005,Archive-Storage-GB,527,USD,,,,,FINAL,2026-02-26T23:59:59Z
BILL-2026-00334,2026-02-23,AWS,ACCT-LOGGING,Logging,us-east-1,res-log-ingest-005,Log-Ingested-GB,311.47,USD,,,,,FINAL,2026-02-23T23:59:59Z
BILL-2026-00335,2026-02-17,AWS,ACCT-BACKUP,Backup,us-east-1,res-backup-vault-006,Archive-Storage-GB,378.8,USD,,,,,FINAL,2026-02-17T23:59:59Z
BILL-2026-00336,2026-02-23,AWS,ACCT-LOGGING,Logging,us-east-1,res-log-ingest-006,Log-Ingested-GB,163.08,USD,,,,,FINAL,2026-02-23T23:59:59Z
BILL-2026-00337,2026-02-25,AWS,ACCT-BACKUP,Backup,us-east-1,res-backup-vault-007,Archive-Storage-GB,356.28,USD,,,,,FINAL,2026-02-25T23:59:59Z
BILL-2026-00338,2026-02-26,AWS,ACCT-LOGGING,Logging,us-east-1,res-log-ingest-007,Log-Ingested-GB,498.65,USD,,,,,FINAL,2026-02-26T23:59:59Z
BILL-2026-00339,2026-02-12,AWS,ACCT-BACKUP,Backup,us-east-1,res-backup-vault-008,Archive-Storage-GB,416.88,USD,,,,,FINAL,2026-02-12T23:59:59Z
BILL-2026-00340,2026-02-22,AWS,ACCT-LOGGING,Logging,us-east-1,res-log-ingest-008,Log-Ingested-GB,266.54,USD,,,,,FINAL,2026-02-22T23:59:59Z
BILL-2026-00341,2026-02-13,AWS,ACCT-BACKUP,Backup,us-east-1,res-backup-vault-009,Archive-Storage-GB,542.06,USD,,,,,FINAL,2026-02-13T23:59:59Z
BILL-2026-00342,2026-02-13,AWS,ACCT-LOGGING,Logging,us-east-1,res-log-ingest-009,Log-Ingested-GB,416.45,USD,,,,,FINAL,2026-02-13T23:59:59Z
BILL-2026-00343,2026-02-24,AWS,ACCT-BACKUP,Backup,us-east-1,res-backup-vault-010,Archive-Storage-GB,298.22,USD,,,,,FINAL,2026-02-24T23:59:59Z
BILL-2026-00344,2026-02-28,AWS,ACCT-LOGGING,Logging,us-east-1,res-log-ingest-010,Log-Ingested-GB,471.95,USD,,,,,FINAL,2026-02-28T23:59:59Z
BILL-2026-00345,2026-02-24,AWS,ACCT-BACKUP,Backup,us-east-1,res-backup-vault-011,Archive-Storage-GB,323.18,USD,,,,,FINAL,2026-02-24T23:59:59Z
BILL-2026-00346,2026-02-23,AWS,ACCT-LOGGING,Logging,us-east-1,res-log-ingest-011,Log-Ingested-GB,367.04,USD,,,,,FINAL,2026-02-23T23:59:59Z
BILL-2026-00347,2026-02-17,AWS,ACCT-BACKUP,Backup,us-east-1,res-backup-vault-012,Archive-Storage-GB,533.68,USD,,,,,FINAL,2026-02-17T23:59:59Z
BILL-2026-00348,2026-02-12,AWS,ACCT-LOGGING,Logging,us-east-1,res-log-ingest-012,Log-Ingested-GB,445.64,USD,,,,,FINAL,2026-02-12T23:59:59Z
BILL-2026-00349,2026-02-16,AWS,ACCT-BACKUP,Backup,us-east-1,res-backup-vault-013,Archive-Storage-GB,234.92,USD,,,,,FINAL,2026-02-16T23:59:59Z
BILL-2026-00350,2026-02-11,AWS,ACCT-LOGGING,Logging,us-east-1,res-log-ingest-013,Log-Ingested-GB,417.06,USD,,,,,FINAL,2026-02-11T23:59:59Z
BILL-2026-00351,2026-02-27,AWS,ACCT-BACKUP,Backup,us-east-1,res-backup-vault-014,Archive-Storage-GB,501.6,USD,,,,,FINAL,2026-02-27T23:59:59Z
BILL-2026-00352,2026-02-22,AWS,ACCT-LOGGING,Logging,us-east-1,res-log-ingest-014,Log-Ingested-GB,246.69,USD,,,,,FINAL,2026-02-22T23:59:59Z
BILL-2026-00353,2026-02-10,AWS,ACCT-BACKUP,Backup,us-east-1,res-backup-vault-015,Archive-Storage-GB,467.69,USD,,,,,FINAL,2026-02-10T23:59:59Z
BILL-2026-00354,2026-02-16,AWS,ACCT-LOGGING,Logging,us-east-1,res-log-ingest-015,Log-Ingested-GB,242.18,USD,,,,,FINAL,2026-02-16T23:59:59Z
BILL-2026-00355,2026-02-13,AWS,ACCT-SHARED,Container Platform,us-east-1,res-shared-k8s-cluster-01,Shared-K8s-Node-Hours,660.11,USD,,,,,FINAL,2026-02-13T23:59:59Z
BILL-2026-00356,2026-02-25,AWS,ACCT-SHARED,Data Transfer,us-east-1,res-shared-gateway-01,Inter-Region-Data-GB,336.27,USD,,,,,FINAL,2026-02-25T23:59:59Z
BILL-2026-00357,2026-02-25,AWS,ACCT-SHARED,Container Platform,us-east-1,res-shared-k8s-cluster-02,Shared-K8s-Node-Hours,451.07,USD,,,,,FINAL,2026-02-25T23:59:59Z
BILL-2026-00358,2026-02-17,AWS,ACCT-SHARED,Data Transfer,us-east-1,res-shared-gateway-02,Inter-Region-Data-GB,385.22,USD,,,,,FINAL,2026-02-17T23:59:59Z
BILL-2026-00359,2026-02-15,AWS,ACCT-SHARED,Container Platform,us-east-1,res-shared-k8s-cluster-03,Shared-K8s-Node-Hours,366.44,USD,,,,,FINAL,2026-02-15T23:59:59Z
BILL-2026-00360,2026-02-18,AWS,ACCT-SHARED,Data Transfer,us-east-1,res-shared-gateway-03,Inter-Region-Data-GB,257.43,USD,,,,,FINAL,2026-02-18T23:59:59Z
BILL-2026-00361,2026-02-21,AWS,ACCT-SHARED,Container Platform,us-east-1,res-shared-k8s-cluster-04,Shared-K8s-Node-Hours,409.07,USD,,,,,FINAL,2026-02-21T23:59:59Z
BILL-2026-00362,2026-02-25,AWS,ACCT-SHARED,Data Transfer,us-east-1,res-shared-gateway-04,Inter-Region-Data-GB,114.12,USD,,,,,FINAL,2026-02-25T23:59:59Z
BILL-2026-00363,2026-02-20,AWS,ACCT-SHARED,Container Platform,us-east-1,res-shared-k8s-cluster-05,Shared-K8s-Node-Hours,399.12,USD,,,,,FINAL,2026-02-20T23:59:59Z
BILL-2026-00364,2026-02-20,AWS,ACCT-SHARED,Data Transfer,us-east-1,res-shared-gateway-05,Inter-Region-Data-GB,264.07,USD,,,,,FINAL,2026-02-20T23:59:59Z
BILL-2026-00365,2026-02-19,AWS,ACCT-SHARED,Container Platform,us-east-1,res-shared-k8s-cluster-06,Shared-K8s-Node-Hours,373.43,USD,,,,,FINAL,2026-02-19T23:59:59Z
BILL-2026-00366,2026-02-21,AWS,ACCT-SHARED,Data Transfer,us-east-1,res-shared-gateway-06,Inter-Region-Data-GB,376.12,USD,,,,,FINAL,2026-02-21T23:59:59Z
BILL-2026-00367,2026-02-21,AWS,ACCT-SHARED,Container Platform,us-east-1,res-shared-k8s-cluster-07,Shared-K8s-Node-Hours,463.51,USD,,,,,FINAL,2026-02-21T23:59:59Z
BILL-2026-00368,2026-02-27,AWS,ACCT-SHARED,Data Transfer,us-east-1,res-shared-gateway-07,Inter-Region-Data-GB,149.16,USD,,,,,FINAL,2026-02-27T23:59:59Z
BILL-2026-00369,2026-02-16,AWS,ACCT-SHARED,Container Platform,us-east-1,res-shared-k8s-cluster-08,Shared-K8s-Node-Hours,620.59,USD,,,,,FINAL,2026-02-16T23:59:59Z
BILL-2026-00370,2026-02-28,AWS,ACCT-SHARED,Data Transfer,us-east-1,res-shared-gateway-08,Inter-Region-Data-GB,120.13,USD,,,,,FINAL,2026-02-28T23:59:59Z
BILL-2026-00371,2026-02-17,AWS,ACCT-SHARED,Container Platform,us-east-1,res-shared-k8s-cluster-09,Shared-K8s-Node-Hours,849.95,USD,,,,,FINAL,2026-02-17T23:59:59Z
BILL-2026-00372,2026-02-11,AWS,ACCT-SHARED,Data Transfer,us-east-1,res-shared-gateway-09,Inter-Region-Data-GB,306.88,USD,,,,,FINAL,2026-02-11T23:59:59Z
BILL-2026-00373,2026-02-16,AWS,ACCT-SHARED,Container Platform,us-east-1,res-shared-k8s-cluster-10,Shared-K8s-Node-Hours,558.78,USD,,,,,FINAL,2026-02-16T23:59:59Z
BILL-2026-00374,2026-02-28,AWS,ACCT-SHARED,Data Transfer,us-east-1,res-shared-gateway-10,Inter-Region-Data-GB,257.26,USD,,,,,FINAL,2026-02-28T23:59:59Z
BILL-2026-00375,2026-02-12,AWS,ACCT-SHARED,Container Platform,us-east-1,res-shared-k8s-cluster-11,Shared-K8s-Node-Hours,892.59,USD,,,,,FINAL,2026-02-12T23:59:59Z
BILL-2026-00376,2026-02-20,AWS,ACCT-SHARED,Data Transfer,us-east-1,res-shared-gateway-11,Inter-Region-Data-GB,215.78,USD,,,,,FINAL,2026-02-20T23:59:59Z
BILL-2026-00377,2026-02-21,AWS,ACCT-SHARED,Container Platform,us-east-1,res-shared-k8s-cluster-12,Shared-K8s-Node-Hours,375.83,USD,,,,,FINAL,2026-02-21T23:59:59Z
BILL-2026-00378,2026-02-17,AWS,ACCT-SHARED,Data Transfer,us-east-1,res-shared-gateway-12,Inter-Region-Data-GB,329.78,USD,,,,,FINAL,2026-02-17T23:59:59Z
BILL-2026-00379,2026-02-18,AWS,ACCT-SHARED,Container Platform,us-east-1,res-shared-k8s-cluster-13,Shared-K8s-Node-Hours,571.53,USD,,,,,FINAL,2026-02-18T23:59:59Z
BILL-2026-00380,2026-02-17,AWS,ACCT-SHARED,Data Transfer,us-east-1,res-shared-gateway-13,Inter-Region-Data-GB,287.01,USD,,,,,FINAL,2026-02-17T23:59:59Z
BILL-2026-00381,2026-02-22,AWS,ACCT-SHARED,Container Platform,us-east-1,res-shared-k8s-cluster-14,Shared-K8s-Node-Hours,664.03,USD,,,,,FINAL,2026-02-22T23:59:59Z
BILL-2026-00382,2026-02-13,AWS,ACCT-SHARED,Data Transfer,us-east-1,res-shared-gateway-14,Inter-Region-Data-GB,112.04,USD,,,,,FINAL,2026-02-13T23:59:59Z
BILL-2026-00383,2026-02-27,AWS,ACCT-SHARED,Container Platform,us-east-1,res-shared-k8s-cluster-15,Shared-K8s-Node-Hours,790.39,USD,,,,,FINAL,2026-02-27T23:59:59Z
BILL-2026-00384,2026-02-16,AWS,ACCT-SHARED,Data Transfer,us-east-1,res-shared-gateway-15,Inter-Region-Data-GB,357.12,USD,,,,,FINAL,2026-02-16T23:59:59Z
BILL-2026-00385,2026-02-25,AWS,ACCT-SHARED,Serverless,us-east-1,res-orphan-serverless-001,Function-Invocations,287.19,USD,,,,,FINAL,2026-02-25T23:59:59Z
BILL-2026-00386,2026-02-15,AWS,ACCT-SHARED,Object Storage,us-west-2,res-conflict-storage-002,Standard-Storage-GB,782.21,USD,,,,,FINAL,2026-02-15T23:59:59Z
BILL-2026-00387,2026-02-10,AWS,ACCT-ANALYTICS,Compute,us-west-2,res-corrupt-prod-003,vCPU-Hours,654.56,USD,env=prod;bu=Analytics;product=ClinicalData,Clinical Analytics Platform,Report Generation,Clinical Analytics,FINAL,2026-02-10T23:59:59Z
BILL-2026-00388,2026-02-22,AWS,ACCT-IMAGING,Compute,us-east-1,res-spike-imaging-gpu-004,GPU-Processing-Hours,1855.38,USD,,,,,FINAL,2026-02-22T23:59:59Z
BILL-2026-00389,2026-03-27,AWS,ACCT-IMAGING,Object Storage,us-east-1,res-img-storage-001,Standard-Storage-GB,476.15,USD,env=prod;bu=Radiology;product=Imaging,Medical Imaging Platform,Image Storage,Radiology,FINAL,2026-03-27T23:59:59Z
BILL-2026-00390,2026-03-20,AWS,ACCT-IMAGING,Compute,us-east-1,res-img-comp-001,vCPU-Hours,911.19,USD,,,,,FINAL,2026-03-20T23:59:59Z
BILL-2026-00391,2026-03-15,AWS,ACCT-IMAGING,Object Storage,us-east-1,res-img-storage-002,Standard-Storage-GB,560.47,USD,env=prod;bu=Radiology;product=Imaging,Medical Imaging Platform,Image Storage,Radiology,FINAL,2026-03-15T23:59:59Z
BILL-2026-00392,2026-03-13,AWS,ACCT-IMAGING,Compute,us-east-1,res-img-comp-002,vCPU-Hours,1176.06,USD,,,,,FINAL,2026-03-13T23:59:59Z
BILL-2026-00393,2026-03-21,AWS,ACCT-IMAGING,Object Storage,us-east-1,res-img-storage-003,Standard-Storage-GB,591.74,USD,env=prod;bu=Radiology;product=Imaging,Medical Imaging Platform,Image Storage,Radiology,FINAL,2026-03-21T23:59:59Z
BILL-2026-00394,2026-03-26,AWS,ACCT-IMAGING,Compute,us-east-1,res-img-comp-003,vCPU-Hours,1235.45,USD,,,,,FINAL,2026-03-26T23:59:59Z
BILL-2026-00395,2026-03-13,AWS,ACCT-IMAGING,Object Storage,us-east-1,res-img-storage-004,Standard-Storage-GB,539.75,USD,env=prod;bu=Radiology;product=Imaging,Medical Imaging Platform,Image Storage,Radiology,FINAL,2026-03-13T23:59:59Z
BILL-2026-00396,2026-03-11,AWS,ACCT-IMAGING,Compute,us-east-1,res-img-comp-004,vCPU-Hours,706.94,USD,,,,,FINAL,2026-03-11T23:59:59Z
BILL-2026-00397,2026-03-27,AWS,ACCT-IMAGING,Object Storage,us-east-1,res-img-storage-005,Standard-Storage-GB,627.23,USD,env=prod;bu=Radiology;product=Imaging,Medical Imaging Platform,Image Storage,Radiology,FINAL,2026-03-27T23:59:59Z
BILL-2026-00398,2026-03-15,AWS,ACCT-IMAGING,Compute,us-east-1,res-img-comp-005,vCPU-Hours,905.73,USD,,,,,FINAL,2026-03-15T23:59:59Z
BILL-2026-00399,2026-03-24,AWS,ACCT-IMAGING,Object Storage,us-east-1,res-img-storage-006,Standard-Storage-GB,454.72,USD,env=prod;bu=Radiology;product=Imaging,Medical Imaging Platform,Image Storage,Radiology,FINAL,2026-03-24T23:59:59Z
BILL-2026-00400,2026-03-20,AWS,ACCT-IMAGING,Compute,us-east-1,res-img-comp-006,vCPU-Hours,471.5,USD,,,,,FINAL,2026-03-20T23:59:59Z
BILL-2026-00401,2026-03-14,AWS,ACCT-IMAGING,Object Storage,us-east-1,res-img-storage-007,Standard-Storage-GB,803.98,USD,env=prod;bu=Radiology;product=Imaging,Medical Imaging Platform,Image Storage,Radiology,FINAL,2026-03-14T23:59:59Z
BILL-2026-00402,2026-03-22,AWS,ACCT-IMAGING,Compute,us-east-1,res-img-comp-007,vCPU-Hours,1043.97,USD,,,,,FINAL,2026-03-22T23:59:59Z
BILL-2026-00403,2026-03-16,AWS,ACCT-IMAGING,Object Storage,us-east-1,res-img-storage-008,Standard-Storage-GB,352.24,USD,env=prod;bu=Radiology;product=Imaging,Medical Imaging Platform,Image Storage,Radiology,FINAL,2026-03-16T23:59:59Z
BILL-2026-00404,2026-03-21,AWS,ACCT-IMAGING,Compute,us-east-1,res-img-comp-008,vCPU-Hours,1056.85,USD,,,,,FINAL,2026-03-21T23:59:59Z
BILL-2026-00405,2026-03-20,AWS,ACCT-IMAGING,Object Storage,us-east-1,res-img-storage-009,Standard-Storage-GB,750.51,USD,env=prod;bu=Radiology;product=Imaging,Medical Imaging Platform,Image Storage,Radiology,FINAL,2026-03-20T23:59:59Z
BILL-2026-00406,2026-03-23,AWS,ACCT-IMAGING,Compute,us-east-1,res-img-comp-009,vCPU-Hours,660.28,USD,,,,,FINAL,2026-03-23T23:59:59Z
BILL-2026-00407,2026-03-11,AWS,ACCT-IMAGING,Object Storage,us-east-1,res-img-storage-010,Standard-Storage-GB,256.7,USD,env=prod;bu=Radiology;product=Imaging,Medical Imaging Platform,Image Storage,Radiology,FINAL,2026-03-11T23:59:59Z
BILL-2026-00408,2026-03-12,AWS,ACCT-IMAGING,Compute,us-east-1,res-img-comp-010,vCPU-Hours,1066.29,USD,,,,,FINAL,2026-03-12T23:59:59Z
BILL-2026-00409,2026-03-17,AWS,ACCT-IMAGING,Object Storage,us-east-1,res-img-storage-011,Standard-Storage-GB,699,USD,env=prod;bu=Radiology;product=Imaging,Medical Imaging Platform,Image Storage,Radiology,FINAL,2026-03-17T23:59:59Z
BILL-2026-00410,2026-03-11,AWS,ACCT-IMAGING,Compute,us-east-1,res-img-comp-011,vCPU-Hours,1367,USD,,,,,FINAL,2026-03-11T23:59:59Z
BILL-2026-00411,2026-03-15,AWS,ACCT-IMAGING,Object Storage,us-east-1,res-img-storage-012,Standard-Storage-GB,318.23,USD,env=prod;bu=Radiology;product=Imaging,Medical Imaging Platform,Image Storage,Radiology,FINAL,2026-03-15T23:59:59Z
BILL-2026-00412,2026-03-21,AWS,ACCT-IMAGING,Compute,us-east-1,res-img-comp-012,vCPU-Hours,806.99,USD,,,,,FINAL,2026-03-21T23:59:59Z
BILL-2026-00413,2026-03-13,AWS,ACCT-IMAGING,Object Storage,us-east-1,res-img-storage-013,Standard-Storage-GB,454.39,USD,env=prod;bu=Radiology;product=Imaging,Medical Imaging Platform,Image Storage,Radiology,FINAL,2026-03-13T23:59:59Z
BILL-2026-00414,2026-03-26,AWS,ACCT-IMAGING,Compute,us-east-1,res-img-comp-013,vCPU-Hours,515.29,USD,,,,,FINAL,2026-03-26T23:59:59Z
BILL-2026-00415,2026-03-17,AWS,ACCT-IMAGING,Object Storage,us-east-1,res-img-storage-014,Standard-Storage-GB,473.3,USD,env=prod;bu=Radiology;product=Imaging,Medical Imaging Platform,Image Storage,Radiology,FINAL,2026-03-17T23:59:59Z
BILL-2026-00416,2026-03-22,AWS,ACCT-IMAGING,Compute,us-east-1,res-img-comp-014,vCPU-Hours,1283.26,USD,,,,,FINAL,2026-03-22T23:59:59Z
BILL-2026-00417,2026-03-11,AWS,ACCT-IMAGING,Object Storage,us-east-1,res-img-storage-015,Standard-Storage-GB,845.43,USD,env=prod;bu=Radiology;product=Imaging,Medical Imaging Platform,Image Storage,Radiology,FINAL,2026-03-11T23:59:59Z
BILL-2026-00418,2026-03-23,AWS,ACCT-IMAGING,Compute,us-east-1,res-img-comp-015,vCPU-Hours,1228.27,USD,,,,,FINAL,2026-03-23T23:59:59Z
BILL-2026-00419,2026-03-10,AWS,ACCT-IMAGING,Object Storage,us-east-1,res-img-storage-016,Standard-Storage-GB,311.92,USD,env=prod;bu=Radiology;product=Imaging,Medical Imaging Platform,Image Storage,Radiology,FINAL,2026-03-10T23:59:59Z
BILL-2026-00420,2026-03-11,AWS,ACCT-IMAGING,Compute,us-east-1,res-img-comp-016,vCPU-Hours,684.83,USD,,,,,FINAL,2026-03-11T23:59:59Z
BILL-2026-00421,2026-03-19,AWS,ACCT-IMAGING,Object Storage,us-east-1,res-img-storage-017,Standard-Storage-GB,275.99,USD,env=prod;bu=Radiology;product=Imaging,Medical Imaging Platform,Image Storage,Radiology,FINAL,2026-03-19T23:59:59Z
BILL-2026-00422,2026-03-14,AWS,ACCT-IMAGING,Compute,us-east-1,res-img-comp-017,vCPU-Hours,570.71,USD,,,,,FINAL,2026-03-14T23:59:59Z
BILL-2026-00423,2026-03-16,AWS,ACCT-IMAGING,Object Storage,us-east-1,res-img-storage-018,Standard-Storage-GB,620.91,USD,env=prod;bu=Radiology;product=Imaging,Medical Imaging Platform,Image Storage,Radiology,FINAL,2026-03-16T23:59:59Z
BILL-2026-00424,2026-03-25,AWS,ACCT-IMAGING,Compute,us-east-1,res-img-comp-018,vCPU-Hours,566.75,USD,,,,,FINAL,2026-03-25T23:59:59Z
BILL-2026-00425,2026-03-20,AWS,ACCT-IMAGING,Object Storage,us-east-1,res-img-storage-019,Standard-Storage-GB,467.32,USD,env=prod;bu=Radiology;product=Imaging,Medical Imaging Platform,Image Storage,Radiology,FINAL,2026-03-20T23:59:59Z
BILL-2026-00426,2026-03-24,AWS,ACCT-IMAGING,Compute,us-east-1,res-img-comp-019,vCPU-Hours,538.62,USD,,,,,FINAL,2026-03-24T23:59:59Z
BILL-2026-00427,2026-03-26,AWS,ACCT-IMAGING,Object Storage,us-east-1,res-img-storage-020,Standard-Storage-GB,530.99,USD,env=prod;bu=Radiology;product=Imaging,Medical Imaging Platform,Image Storage,Radiology,FINAL,2026-03-26T23:59:59Z
BILL-2026-00428,2026-03-17,AWS,ACCT-IMAGING,Compute,us-east-1,res-img-comp-020,vCPU-Hours,691.53,USD,,,,,FINAL,2026-03-17T23:59:59Z
BILL-2026-00429,2026-03-26,AWS,ACCT-IMAGING,Object Storage,us-east-1,res-img-storage-021,Standard-Storage-GB,491.68,USD,env=prod;bu=Radiology;product=Imaging,Medical Imaging Platform,Image Storage,Radiology,FINAL,2026-03-26T23:59:59Z
BILL-2026-00430,2026-03-16,AWS,ACCT-IMAGING,Compute,us-east-1,res-img-comp-021,vCPU-Hours,985.74,USD,,,,,FINAL,2026-03-16T23:59:59Z
BILL-2026-00431,2026-03-24,AWS,ACCT-IMAGING,Object Storage,us-east-1,res-img-storage-022,Standard-Storage-GB,565.63,USD,env=prod;bu=Radiology;product=Imaging,Medical Imaging Platform,Image Storage,Radiology,FINAL,2026-03-24T23:59:59Z
BILL-2026-00432,2026-03-28,AWS,ACCT-IMAGING,Compute,us-east-1,res-img-comp-022,vCPU-Hours,970.63,USD,,,,,FINAL,2026-03-28T23:59:59Z
BILL-2026-00433,2026-03-27,AWS,ACCT-IMAGING,Object Storage,us-east-1,res-img-storage-023,Standard-Storage-GB,489.33,USD,env=prod;bu=Radiology;product=Imaging,Medical Imaging Platform,Image Storage,Radiology,FINAL,2026-03-27T23:59:59Z
BILL-2026-00434,2026-03-18,AWS,ACCT-IMAGING,Compute,us-east-1,res-img-comp-023,vCPU-Hours,537.9,USD,,,,,FINAL,2026-03-18T23:59:59Z
BILL-2026-00435,2026-03-19,AWS,ACCT-IMAGING,Object Storage,us-east-1,res-img-storage-024,Standard-Storage-GB,793.28,USD,env=prod;bu=Radiology;product=Imaging,Medical Imaging Platform,Image Storage,Radiology,FINAL,2026-03-19T23:59:59Z
BILL-2026-00436,2026-03-19,AWS,ACCT-IMAGING,Compute,us-east-1,res-img-comp-024,vCPU-Hours,985.47,USD,,,,,FINAL,2026-03-19T23:59:59Z
BILL-2026-00437,2026-03-10,AWS,ACCT-IMAGING,Object Storage,us-east-1,res-img-storage-025,Standard-Storage-GB,534.34,USD,env=prod;bu=Radiology;product=Imaging,Medical Imaging Platform,Image Storage,Radiology,FINAL,2026-03-10T23:59:59Z
BILL-2026-00438,2026-03-17,AWS,ACCT-IMAGING,Compute,us-east-1,res-img-comp-025,vCPU-Hours,1093.5,USD,,,,,FINAL,2026-03-17T23:59:59Z
BILL-2026-00439,2026-03-14,AWS,ACCT-PORTAL,Container Platform,us-east-2,res-portal-app-001,Container-Hours,412.24,USD,env=prod;bu=PatientPortal;product=Portal,Patient Portal,Appointment Management,Patient Portal,FINAL,2026-03-14T23:59:59Z
BILL-2026-00440,2026-03-25,AWS,ACCT-PORTAL,Database,us-east-2,res-portal-db-001,IOPS-and-Storage,743.75,USD,,,,,FINAL,2026-03-25T23:59:59Z
BILL-2026-00441,2026-03-21,AWS,ACCT-PORTAL,Container Platform,us-east-2,res-portal-app-002,Container-Hours,681.97,USD,env=prod;bu=PatientPortal;product=Portal,Patient Portal,Appointment Management,Patient Portal,FINAL,2026-03-21T23:59:59Z
BILL-2026-00442,2026-03-14,AWS,ACCT-PORTAL,Database,us-east-2,res-portal-db-002,IOPS-and-Storage,419.7,USD,,,,,FINAL,2026-03-14T23:59:59Z
BILL-2026-00443,2026-03-12,AWS,ACCT-PORTAL,Container Platform,us-east-2,res-portal-app-003,Container-Hours,625.84,USD,env=prod;bu=PatientPortal;product=Portal,Patient Portal,Appointment Management,Patient Portal,FINAL,2026-03-12T23:59:59Z
BILL-2026-00444,2026-03-25,AWS,ACCT-PORTAL,Database,us-east-2,res-portal-db-003,IOPS-and-Storage,697.5,USD,,,,,FINAL,2026-03-25T23:59:59Z
BILL-2026-00445,2026-03-14,AWS,ACCT-PORTAL,Container Platform,us-east-2,res-portal-app-004,Container-Hours,687.29,USD,env=prod;bu=PatientPortal;product=Portal,Patient Portal,Appointment Management,Patient Portal,FINAL,2026-03-14T23:59:59Z
BILL-2026-00446,2026-03-15,AWS,ACCT-PORTAL,Database,us-east-2,res-portal-db-004,IOPS-and-Storage,651.84,USD,,,,,FINAL,2026-03-15T23:59:59Z
BILL-2026-00447,2026-03-24,AWS,ACCT-PORTAL,Container Platform,us-east-2,res-portal-app-005,Container-Hours,554.2,USD,env=prod;bu=PatientPortal;product=Portal,Patient Portal,Appointment Management,Patient Portal,FINAL,2026-03-24T23:59:59Z
BILL-2026-00448,2026-03-28,AWS,ACCT-PORTAL,Database,us-east-2,res-portal-db-005,IOPS-and-Storage,358.5,USD,,,,,FINAL,2026-03-28T23:59:59Z
BILL-2026-00449,2026-03-28,AWS,ACCT-PORTAL,Container Platform,us-east-2,res-portal-app-006,Container-Hours,704.99,USD,env=prod;bu=PatientPortal;product=Portal,Patient Portal,Appointment Management,Patient Portal,FINAL,2026-03-28T23:59:59Z
BILL-2026-00450,2026-03-13,AWS,ACCT-PORTAL,Database,us-east-2,res-portal-db-006,IOPS-and-Storage,802.42,USD,,,,,FINAL,2026-03-13T23:59:59Z
BILL-2026-00451,2026-03-16,AWS,ACCT-PORTAL,Container Platform,us-east-2,res-portal-app-007,Container-Hours,806.47,USD,env=prod;bu=PatientPortal;product=Portal,Patient Portal,Appointment Management,Patient Portal,FINAL,2026-03-16T23:59:59Z
BILL-2026-00452,2026-03-11,AWS,ACCT-PORTAL,Database,us-east-2,res-portal-db-007,IOPS-and-Storage,673.33,USD,,,,,FINAL,2026-03-11T23:59:59Z
BILL-2026-00453,2026-03-15,AWS,ACCT-PORTAL,Container Platform,us-east-2,res-portal-app-008,Container-Hours,584.04,USD,env=prod;bu=PatientPortal;product=Portal,Patient Portal,Appointment Management,Patient Portal,FINAL,2026-03-15T23:59:59Z
BILL-2026-00454,2026-03-15,AWS,ACCT-PORTAL,Database,us-east-2,res-portal-db-008,IOPS-and-Storage,614.24,USD,,,,,FINAL,2026-03-15T23:59:59Z
BILL-2026-00455,2026-03-25,AWS,ACCT-PORTAL,Container Platform,us-east-2,res-portal-app-009,Container-Hours,914,USD,env=prod;bu=PatientPortal;product=Portal,Patient Portal,Appointment Management,Patient Portal,FINAL,2026-03-25T23:59:59Z
BILL-2026-00456,2026-03-25,AWS,ACCT-PORTAL,Database,us-east-2,res-portal-db-009,IOPS-and-Storage,733.12,USD,,,,,FINAL,2026-03-25T23:59:59Z
BILL-2026-00457,2026-03-28,AWS,ACCT-PORTAL,Container Platform,us-east-2,res-portal-app-010,Container-Hours,520.02,USD,env=prod;bu=PatientPortal;product=Portal,Patient Portal,Appointment Management,Patient Portal,FINAL,2026-03-28T23:59:59Z
BILL-2026-00458,2026-03-14,AWS,ACCT-PORTAL,Database,us-east-2,res-portal-db-010,IOPS-and-Storage,408.86,USD,,,,,FINAL,2026-03-14T23:59:59Z
BILL-2026-00459,2026-03-19,AWS,ACCT-PORTAL,Container Platform,us-east-2,res-portal-app-011,Container-Hours,474.29,USD,env=prod;bu=PatientPortal;product=Portal,Patient Portal,Appointment Management,Patient Portal,FINAL,2026-03-19T23:59:59Z
BILL-2026-00460,2026-03-18,AWS,ACCT-PORTAL,Database,us-east-2,res-portal-db-011,IOPS-and-Storage,1014.22,USD,,,,,FINAL,2026-03-18T23:59:59Z
BILL-2026-00461,2026-03-24,AWS,ACCT-PORTAL,Container Platform,us-east-2,res-portal-app-012,Container-Hours,776.11,USD,env=prod;bu=PatientPortal;product=Portal,Patient Portal,Appointment Management,Patient Portal,FINAL,2026-03-24T23:59:59Z
BILL-2026-00462,2026-03-16,AWS,ACCT-PORTAL,Database,us-east-2,res-portal-db-012,IOPS-and-Storage,536.19,USD,,,,,FINAL,2026-03-16T23:59:59Z
BILL-2026-00463,2026-03-14,AWS,ACCT-PORTAL,Container Platform,us-east-2,res-portal-app-013,Container-Hours,382.31,USD,env=prod;bu=PatientPortal;product=Portal,Patient Portal,Appointment Management,Patient Portal,FINAL,2026-03-14T23:59:59Z
BILL-2026-00464,2026-03-23,AWS,ACCT-PORTAL,Database,us-east-2,res-portal-db-013,IOPS-and-Storage,428.11,USD,,,,,FINAL,2026-03-23T23:59:59Z
BILL-2026-00465,2026-03-19,AWS,ACCT-PORTAL,Container Platform,us-east-2,res-portal-app-014,Container-Hours,373.85,USD,env=prod;bu=PatientPortal;product=Portal,Patient Portal,Appointment Management,Patient Portal,FINAL,2026-03-19T23:59:59Z
BILL-2026-00466,2026-03-15,AWS,ACCT-PORTAL,Database,us-east-2,res-portal-db-014,IOPS-and-Storage,671.89,USD,,,,,FINAL,2026-03-15T23:59:59Z
BILL-2026-00467,2026-03-27,AWS,ACCT-PORTAL,Container Platform,us-east-2,res-portal-app-015,Container-Hours,474.42,USD,env=prod;bu=PatientPortal;product=Portal,Patient Portal,Appointment Management,Patient Portal,FINAL,2026-03-27T23:59:59Z
BILL-2026-00468,2026-03-22,AWS,ACCT-PORTAL,Database,us-east-2,res-portal-db-015,IOPS-and-Storage,517.9,USD,,,,,FINAL,2026-03-22T23:59:59Z
BILL-2026-00469,2026-03-13,AWS,ACCT-PORTAL,Container Platform,us-east-2,res-portal-app-016,Container-Hours,668.56,USD,env=prod;bu=PatientPortal;product=Portal,Patient Portal,Appointment Management,Patient Portal,FINAL,2026-03-13T23:59:59Z
BILL-2026-00470,2026-03-22,AWS,ACCT-PORTAL,Database,us-east-2,res-portal-db-016,IOPS-and-Storage,546.26,USD,,,,,FINAL,2026-03-22T23:59:59Z
BILL-2026-00471,2026-03-17,AWS,ACCT-PORTAL,Container Platform,us-east-2,res-portal-app-017,Container-Hours,628.92,USD,env=prod;bu=PatientPortal;product=Portal,Patient Portal,Appointment Management,Patient Portal,FINAL,2026-03-17T23:59:59Z
BILL-2026-00472,2026-03-15,AWS,ACCT-PORTAL,Database,us-east-2,res-portal-db-017,IOPS-and-Storage,691.75,USD,,,,,FINAL,2026-03-15T23:59:59Z
BILL-2026-00473,2026-03-19,AWS,ACCT-PORTAL,Container Platform,us-east-2,res-portal-app-018,Container-Hours,931.99,USD,env=prod;bu=PatientPortal;product=Portal,Patient Portal,Appointment Management,Patient Portal,FINAL,2026-03-19T23:59:59Z
BILL-2026-00474,2026-03-16,AWS,ACCT-PORTAL,Database,us-east-2,res-portal-db-018,IOPS-and-Storage,431.48,USD,,,,,FINAL,2026-03-16T23:59:59Z
BILL-2026-00475,2026-03-13,AWS,ACCT-PORTAL,Container Platform,us-east-2,res-portal-app-019,Container-Hours,819.82,USD,env=prod;bu=PatientPortal;product=Portal,Patient Portal,Appointment Management,Patient Portal,FINAL,2026-03-13T23:59:59Z
BILL-2026-00476,2026-03-22,AWS,ACCT-PORTAL,Database,us-east-2,res-portal-db-019,IOPS-and-Storage,922.93,USD,,,,,FINAL,2026-03-22T23:59:59Z
BILL-2026-00477,2026-03-23,AWS,ACCT-PORTAL,Container Platform,us-east-2,res-portal-app-020,Container-Hours,413.41,USD,env=prod;bu=PatientPortal;product=Portal,Patient Portal,Appointment Management,Patient Portal,FINAL,2026-03-23T23:59:59Z
BILL-2026-00478,2026-03-27,AWS,ACCT-PORTAL,Database,us-east-2,res-portal-db-020,IOPS-and-Storage,965.31,USD,,,,,FINAL,2026-03-27T23:59:59Z
BILL-2026-00479,2026-03-27,AWS,ACCT-ANALYTICS,Compute,us-west-2,res-analytics-node-001,Memory-Optimized-Hours,1227.04,USD,env=prod;bu=Analytics;product=ClinicalData,Clinical Analytics Platform,Report Generation,Clinical Analytics,FINAL,2026-03-27T23:59:59Z
BILL-2026-00480,2026-03-20,AWS,ACCT-ANALYTICS,Database,us-west-2,res-analytics-db-001,Warehouse-Compute-Credits,485.51,USD,,,,,FINAL,2026-03-20T23:59:59Z
BILL-2026-00481,2026-03-11,AWS,ACCT-ANALYTICS,Compute,us-west-2,res-analytics-node-002,Memory-Optimized-Hours,1371.42,USD,env=prod;bu=Analytics;product=ClinicalData,Clinical Analytics Platform,Report Generation,Clinical Analytics,FINAL,2026-03-11T23:59:59Z
BILL-2026-00482,2026-03-20,AWS,ACCT-ANALYTICS,Database,us-west-2,res-analytics-db-002,Warehouse-Compute-Credits,367.05,USD,,,,,FINAL,2026-03-20T23:59:59Z
BILL-2026-00483,2026-03-13,AWS,ACCT-ANALYTICS,Compute,us-west-2,res-analytics-node-003,Memory-Optimized-Hours,616.56,USD,env=prod;bu=Analytics;product=ClinicalData,Clinical Analytics Platform,Report Generation,Clinical Analytics,FINAL,2026-03-13T23:59:59Z
BILL-2026-00484,2026-03-19,AWS,ACCT-ANALYTICS,Database,us-west-2,res-analytics-db-003,Warehouse-Compute-Credits,687.46,USD,,,,,FINAL,2026-03-19T23:59:59Z
BILL-2026-00485,2026-03-20,AWS,ACCT-ANALYTICS,Compute,us-west-2,res-analytics-node-004,Memory-Optimized-Hours,513.46,USD,env=prod;bu=Analytics;product=ClinicalData,Clinical Analytics Platform,Report Generation,Clinical Analytics,FINAL,2026-03-20T23:59:59Z
BILL-2026-00486,2026-03-26,AWS,ACCT-ANALYTICS,Database,us-west-2,res-analytics-db-004,Warehouse-Compute-Credits,437.59,USD,,,,,FINAL,2026-03-26T23:59:59Z
BILL-2026-00487,2026-03-15,AWS,ACCT-ANALYTICS,Compute,us-west-2,res-analytics-node-005,Memory-Optimized-Hours,1278.87,USD,env=prod;bu=Analytics;product=ClinicalData,Clinical Analytics Platform,Report Generation,Clinical Analytics,FINAL,2026-03-15T23:59:59Z
BILL-2026-00488,2026-03-11,AWS,ACCT-ANALYTICS,Database,us-west-2,res-analytics-db-005,Warehouse-Compute-Credits,631.38,USD,,,,,FINAL,2026-03-11T23:59:59Z
BILL-2026-00489,2026-03-14,AWS,ACCT-ANALYTICS,Compute,us-west-2,res-analytics-node-006,Memory-Optimized-Hours,1039.23,USD,env=prod;bu=Analytics;product=ClinicalData,Clinical Analytics Platform,Report Generation,Clinical Analytics,FINAL,2026-03-14T23:59:59Z
BILL-2026-00490,2026-03-17,AWS,ACCT-ANALYTICS,Database,us-west-2,res-analytics-db-006,Warehouse-Compute-Credits,983.97,USD,,,,,FINAL,2026-03-17T23:59:59Z
BILL-2026-00491,2026-03-24,AWS,ACCT-ANALYTICS,Compute,us-west-2,res-analytics-node-007,Memory-Optimized-Hours,513.68,USD,env=prod;bu=Analytics;product=ClinicalData,Clinical Analytics Platform,Report Generation,Clinical Analytics,FINAL,2026-03-24T23:59:59Z
BILL-2026-00492,2026-03-17,AWS,ACCT-ANALYTICS,Database,us-west-2,res-analytics-db-007,Warehouse-Compute-Credits,1013.07,USD,,,,,FINAL,2026-03-17T23:59:59Z
BILL-2026-00493,2026-03-21,AWS,ACCT-ANALYTICS,Compute,us-west-2,res-analytics-node-008,Memory-Optimized-Hours,920.8,USD,env=prod;bu=Analytics;product=ClinicalData,Clinical Analytics Platform,Report Generation,Clinical Analytics,FINAL,2026-03-21T23:59:59Z
BILL-2026-00494,2026-03-18,AWS,ACCT-ANALYTICS,Database,us-west-2,res-analytics-db-008,Warehouse-Compute-Credits,319.66,USD,,,,,FINAL,2026-03-18T23:59:59Z
BILL-2026-00495,2026-03-26,AWS,ACCT-ANALYTICS,Compute,us-west-2,res-analytics-node-009,Memory-Optimized-Hours,1333.85,USD,env=prod;bu=Analytics;product=ClinicalData,Clinical Analytics Platform,Report Generation,Clinical Analytics,FINAL,2026-03-26T23:59:59Z
BILL-2026-00496,2026-03-22,AWS,ACCT-ANALYTICS,Database,us-west-2,res-analytics-db-009,Warehouse-Compute-Credits,633.25,USD,,,,,FINAL,2026-03-22T23:59:59Z
BILL-2026-00497,2026-03-19,AWS,ACCT-ANALYTICS,Compute,us-west-2,res-analytics-node-010,Memory-Optimized-Hours,1057.83,USD,env=prod;bu=Analytics;product=ClinicalData,Clinical Analytics Platform,Report Generation,Clinical Analytics,FINAL,2026-03-19T23:59:59Z
BILL-2026-00498,2026-03-12,AWS,ACCT-ANALYTICS,Database,us-west-2,res-analytics-db-010,Warehouse-Compute-Credits,973.75,USD,,,,,FINAL,2026-03-12T23:59:59Z
BILL-2026-00499,2026-03-26,AWS,ACCT-ANALYTICS,Compute,us-west-2,res-analytics-node-011,Memory-Optimized-Hours,776.51,USD,env=prod;bu=Analytics;product=ClinicalData,Clinical Analytics Platform,Report Generation,Clinical Analytics,FINAL,2026-03-26T23:59:59Z
BILL-2026-00500,2026-03-13,AWS,ACCT-ANALYTICS,Database,us-west-2,res-analytics-db-011,Warehouse-Compute-Credits,666.94,USD,,,,,FINAL,2026-03-13T23:59:59Z
BILL-2026-00501,2026-03-21,AWS,ACCT-ANALYTICS,Compute,us-west-2,res-analytics-node-012,Memory-Optimized-Hours,804.25,USD,env=prod;bu=Analytics;product=ClinicalData,Clinical Analytics Platform,Report Generation,Clinical Analytics,FINAL,2026-03-21T23:59:59Z
BILL-2026-00502,2026-03-20,AWS,ACCT-ANALYTICS,Database,us-west-2,res-analytics-db-012,Warehouse-Compute-Credits,599.75,USD,,,,,FINAL,2026-03-20T23:59:59Z
BILL-2026-00503,2026-03-13,AWS,ACCT-ANALYTICS,Compute,us-west-2,res-analytics-node-013,Memory-Optimized-Hours,947.11,USD,env=prod;bu=Analytics;product=ClinicalData,Clinical Analytics Platform,Report Generation,Clinical Analytics,FINAL,2026-03-13T23:59:59Z
BILL-2026-00504,2026-03-12,AWS,ACCT-ANALYTICS,Database,us-west-2,res-analytics-db-013,Warehouse-Compute-Credits,645.32,USD,,,,,FINAL,2026-03-12T23:59:59Z
BILL-2026-00505,2026-03-25,AWS,ACCT-ANALYTICS,Compute,us-west-2,res-analytics-node-014,Memory-Optimized-Hours,516.16,USD,env=prod;bu=Analytics;product=ClinicalData,Clinical Analytics Platform,Report Generation,Clinical Analytics,FINAL,2026-03-25T23:59:59Z
BILL-2026-00506,2026-03-27,AWS,ACCT-ANALYTICS,Database,us-west-2,res-analytics-db-014,Warehouse-Compute-Credits,559.08,USD,,,,,FINAL,2026-03-27T23:59:59Z
BILL-2026-00507,2026-03-22,AWS,ACCT-ANALYTICS,Compute,us-west-2,res-analytics-node-015,Memory-Optimized-Hours,721.13,USD,env=prod;bu=Analytics;product=ClinicalData,Clinical Analytics Platform,Report Generation,Clinical Analytics,FINAL,2026-03-22T23:59:59Z
BILL-2026-00508,2026-03-21,AWS,ACCT-ANALYTICS,Database,us-west-2,res-analytics-db-015,Warehouse-Compute-Credits,378.69,USD,,,,,FINAL,2026-03-21T23:59:59Z
BILL-2026-00509,2026-03-19,AWS,ACCT-ANALYTICS,Compute,us-west-2,res-analytics-node-016,Memory-Optimized-Hours,560.96,USD,env=prod;bu=Analytics;product=ClinicalData,Clinical Analytics Platform,Report Generation,Clinical Analytics,FINAL,2026-03-19T23:59:59Z
BILL-2026-00510,2026-03-17,AWS,ACCT-ANALYTICS,Database,us-west-2,res-analytics-db-016,Warehouse-Compute-Credits,520.94,USD,,,,,FINAL,2026-03-17T23:59:59Z
BILL-2026-00511,2026-03-22,AWS,ACCT-ANALYTICS,Compute,us-west-2,res-analytics-node-017,Memory-Optimized-Hours,959.47,USD,env=prod;bu=Analytics;product=ClinicalData,Clinical Analytics Platform,Report Generation,Clinical Analytics,FINAL,2026-03-22T23:59:59Z
BILL-2026-00512,2026-03-13,AWS,ACCT-ANALYTICS,Database,us-west-2,res-analytics-db-017,Warehouse-Compute-Credits,1049.37,USD,,,,,FINAL,2026-03-13T23:59:59Z
BILL-2026-00513,2026-03-11,AWS,ACCT-ANALYTICS,Compute,us-west-2,res-analytics-node-018,Memory-Optimized-Hours,933.53,USD,env=prod;bu=Analytics;product=ClinicalData,Clinical Analytics Platform,Report Generation,Clinical Analytics,FINAL,2026-03-11T23:59:59Z
BILL-2026-00514,2026-03-24,AWS,ACCT-ANALYTICS,Database,us-west-2,res-analytics-db-018,Warehouse-Compute-Credits,791.49,USD,,,,,FINAL,2026-03-24T23:59:59Z
BILL-2026-00515,2026-03-12,AWS,ACCT-ANALYTICS,Compute,us-west-2,res-analytics-node-019,Memory-Optimized-Hours,626.83,USD,env=prod;bu=Analytics;product=ClinicalData,Clinical Analytics Platform,Report Generation,Clinical Analytics,FINAL,2026-03-12T23:59:59Z
BILL-2026-00516,2026-03-10,AWS,ACCT-ANALYTICS,Database,us-west-2,res-analytics-db-019,Warehouse-Compute-Credits,982.52,USD,,,,,FINAL,2026-03-10T23:59:59Z
BILL-2026-00517,2026-03-14,AWS,ACCT-ANALYTICS,Compute,us-west-2,res-analytics-node-020,Memory-Optimized-Hours,1382.11,USD,env=prod;bu=Analytics;product=ClinicalData,Clinical Analytics Platform,Report Generation,Clinical Analytics,FINAL,2026-03-14T23:59:59Z
BILL-2026-00518,2026-03-14,AWS,ACCT-ANALYTICS,Database,us-west-2,res-analytics-db-020,Warehouse-Compute-Credits,859.26,USD,,,,,FINAL,2026-03-14T23:59:59Z
BILL-2026-00519,2026-03-20,AWS,ACCT-BACKUP,Backup,us-east-1,res-backup-vault-001,Archive-Storage-GB,485.26,USD,,,,,FINAL,2026-03-20T23:59:59Z
BILL-2026-00520,2026-03-23,AWS,ACCT-LOGGING,Logging,us-east-1,res-log-ingest-001,Log-Ingested-GB,225.37,USD,,,,,FINAL,2026-03-23T23:59:59Z
BILL-2026-00521,2026-03-20,AWS,ACCT-BACKUP,Backup,us-east-1,res-backup-vault-002,Archive-Storage-GB,454.98,USD,,,,,FINAL,2026-03-20T23:59:59Z
BILL-2026-00522,2026-03-10,AWS,ACCT-LOGGING,Logging,us-east-1,res-log-ingest-002,Log-Ingested-GB,202.44,USD,,,,,FINAL,2026-03-10T23:59:59Z
BILL-2026-00523,2026-03-27,AWS,ACCT-BACKUP,Backup,us-east-1,res-backup-vault-003,Archive-Storage-GB,349.45,USD,,,,,FINAL,2026-03-27T23:59:59Z
BILL-2026-00524,2026-03-16,AWS,ACCT-LOGGING,Logging,us-east-1,res-log-ingest-003,Log-Ingested-GB,273.31,USD,,,,,FINAL,2026-03-16T23:59:59Z
BILL-2026-00525,2026-03-23,AWS,ACCT-BACKUP,Backup,us-east-1,res-backup-vault-004,Archive-Storage-GB,568.03,USD,,,,,FINAL,2026-03-23T23:59:59Z
BILL-2026-00526,2026-03-17,AWS,ACCT-LOGGING,Logging,us-east-1,res-log-ingest-004,Log-Ingested-GB,230.57,USD,,,,,FINAL,2026-03-17T23:59:59Z
BILL-2026-00527,2026-03-14,AWS,ACCT-BACKUP,Backup,us-east-1,res-backup-vault-005,Archive-Storage-GB,273.65,USD,,,,,FINAL,2026-03-14T23:59:59Z
BILL-2026-00528,2026-03-19,AWS,ACCT-LOGGING,Logging,us-east-1,res-log-ingest-005,Log-Ingested-GB,471.54,USD,,,,,FINAL,2026-03-19T23:59:59Z
BILL-2026-00529,2026-03-25,AWS,ACCT-BACKUP,Backup,us-east-1,res-backup-vault-006,Archive-Storage-GB,196.85,USD,,,,,FINAL,2026-03-25T23:59:59Z
BILL-2026-00530,2026-03-16,AWS,ACCT-LOGGING,Logging,us-east-1,res-log-ingest-006,Log-Ingested-GB,338.42,USD,,,,,FINAL,2026-03-16T23:59:59Z
BILL-2026-00531,2026-03-22,AWS,ACCT-BACKUP,Backup,us-east-1,res-backup-vault-007,Archive-Storage-GB,267.84,USD,,,,,FINAL,2026-03-22T23:59:59Z
BILL-2026-00532,2026-03-16,AWS,ACCT-LOGGING,Logging,us-east-1,res-log-ingest-007,Log-Ingested-GB,426.46,USD,,,,,FINAL,2026-03-16T23:59:59Z
BILL-2026-00533,2026-03-21,AWS,ACCT-BACKUP,Backup,us-east-1,res-backup-vault-008,Archive-Storage-GB,390.55,USD,,,,,FINAL,2026-03-21T23:59:59Z
BILL-2026-00534,2026-03-19,AWS,ACCT-LOGGING,Logging,us-east-1,res-log-ingest-008,Log-Ingested-GB,283.77,USD,,,,,FINAL,2026-03-19T23:59:59Z
BILL-2026-00535,2026-03-14,AWS,ACCT-BACKUP,Backup,us-east-1,res-backup-vault-009,Archive-Storage-GB,249.16,USD,,,,,FINAL,2026-03-14T23:59:59Z
BILL-2026-00536,2026-03-22,AWS,ACCT-LOGGING,Logging,us-east-1,res-log-ingest-009,Log-Ingested-GB,225.55,USD,,,,,FINAL,2026-03-22T23:59:59Z
BILL-2026-00537,2026-03-19,AWS,ACCT-BACKUP,Backup,us-east-1,res-backup-vault-010,Archive-Storage-GB,317.58,USD,,,,,FINAL,2026-03-19T23:59:59Z
BILL-2026-00538,2026-03-24,AWS,ACCT-LOGGING,Logging,us-east-1,res-log-ingest-010,Log-Ingested-GB,279.37,USD,,,,,FINAL,2026-03-24T23:59:59Z
BILL-2026-00539,2026-03-22,AWS,ACCT-BACKUP,Backup,us-east-1,res-backup-vault-011,Archive-Storage-GB,263.39,USD,,,,,FINAL,2026-03-22T23:59:59Z
BILL-2026-00540,2026-03-15,AWS,ACCT-LOGGING,Logging,us-east-1,res-log-ingest-011,Log-Ingested-GB,414.01,USD,,,,,FINAL,2026-03-15T23:59:59Z
BILL-2026-00541,2026-03-28,AWS,ACCT-BACKUP,Backup,us-east-1,res-backup-vault-012,Archive-Storage-GB,319.32,USD,,,,,FINAL,2026-03-28T23:59:59Z
BILL-2026-00542,2026-03-16,AWS,ACCT-LOGGING,Logging,us-east-1,res-log-ingest-012,Log-Ingested-GB,191.96,USD,,,,,FINAL,2026-03-16T23:59:59Z
BILL-2026-00543,2026-03-14,AWS,ACCT-BACKUP,Backup,us-east-1,res-backup-vault-013,Archive-Storage-GB,578.01,USD,,,,,FINAL,2026-03-14T23:59:59Z
BILL-2026-00544,2026-03-15,AWS,ACCT-LOGGING,Logging,us-east-1,res-log-ingest-013,Log-Ingested-GB,437.32,USD,,,,,FINAL,2026-03-15T23:59:59Z
BILL-2026-00545,2026-03-14,AWS,ACCT-BACKUP,Backup,us-east-1,res-backup-vault-014,Archive-Storage-GB,497.78,USD,,,,,FINAL,2026-03-14T23:59:59Z
BILL-2026-00546,2026-03-20,AWS,ACCT-LOGGING,Logging,us-east-1,res-log-ingest-014,Log-Ingested-GB,162.78,USD,,,,,FINAL,2026-03-20T23:59:59Z
BILL-2026-00547,2026-03-22,AWS,ACCT-BACKUP,Backup,us-east-1,res-backup-vault-015,Archive-Storage-GB,303.31,USD,,,,,FINAL,2026-03-22T23:59:59Z
BILL-2026-00548,2026-03-19,AWS,ACCT-LOGGING,Logging,us-east-1,res-log-ingest-015,Log-Ingested-GB,363.51,USD,,,,,FINAL,2026-03-19T23:59:59Z
BILL-2026-00549,2026-03-23,AWS,ACCT-SHARED,Container Platform,us-east-1,res-shared-k8s-cluster-01,Shared-K8s-Node-Hours,836.19,USD,,,,,FINAL,2026-03-23T23:59:59Z
BILL-2026-00550,2026-03-11,AWS,ACCT-SHARED,Data Transfer,us-east-1,res-shared-gateway-01,Inter-Region-Data-GB,280.18,USD,,,,,FINAL,2026-03-11T23:59:59Z
BILL-2026-00551,2026-03-25,AWS,ACCT-SHARED,Container Platform,us-east-1,res-shared-k8s-cluster-02,Shared-K8s-Node-Hours,655.78,USD,,,,,FINAL,2026-03-25T23:59:59Z
BILL-2026-00552,2026-03-15,AWS,ACCT-SHARED,Data Transfer,us-east-1,res-shared-gateway-02,Inter-Region-Data-GB,343.2,USD,,,,,FINAL,2026-03-15T23:59:59Z
BILL-2026-00553,2026-03-28,AWS,ACCT-SHARED,Container Platform,us-east-1,res-shared-k8s-cluster-03,Shared-K8s-Node-Hours,478.16,USD,,,,,FINAL,2026-03-28T23:59:59Z
BILL-2026-00554,2026-03-20,AWS,ACCT-SHARED,Data Transfer,us-east-1,res-shared-gateway-03,Inter-Region-Data-GB,201.63,USD,,,,,FINAL,2026-03-20T23:59:59Z
BILL-2026-00555,2026-03-16,AWS,ACCT-SHARED,Container Platform,us-east-1,res-shared-k8s-cluster-04,Shared-K8s-Node-Hours,685.52,USD,,,,,FINAL,2026-03-16T23:59:59Z
BILL-2026-00556,2026-03-23,AWS,ACCT-SHARED,Data Transfer,us-east-1,res-shared-gateway-04,Inter-Region-Data-GB,117.62,USD,,,,,FINAL,2026-03-23T23:59:59Z
BILL-2026-00557,2026-03-21,AWS,ACCT-SHARED,Container Platform,us-east-1,res-shared-k8s-cluster-05,Shared-K8s-Node-Hours,391.47,USD,,,,,FINAL,2026-03-21T23:59:59Z
BILL-2026-00558,2026-03-21,AWS,ACCT-SHARED,Data Transfer,us-east-1,res-shared-gateway-05,Inter-Region-Data-GB,115.09,USD,,,,,FINAL,2026-03-21T23:59:59Z
BILL-2026-00559,2026-03-12,AWS,ACCT-SHARED,Container Platform,us-east-1,res-shared-k8s-cluster-06,Shared-K8s-Node-Hours,479.06,USD,,,,,FINAL,2026-03-12T23:59:59Z
BILL-2026-00560,2026-03-18,AWS,ACCT-SHARED,Data Transfer,us-east-1,res-shared-gateway-06,Inter-Region-Data-GB,327.25,USD,,,,,FINAL,2026-03-18T23:59:59Z
BILL-2026-00561,2026-03-16,AWS,ACCT-SHARED,Container Platform,us-east-1,res-shared-k8s-cluster-07,Shared-K8s-Node-Hours,685.87,USD,,,,,FINAL,2026-03-16T23:59:59Z
BILL-2026-00562,2026-03-11,AWS,ACCT-SHARED,Data Transfer,us-east-1,res-shared-gateway-07,Inter-Region-Data-GB,238.86,USD,,,,,FINAL,2026-03-11T23:59:59Z
BILL-2026-00563,2026-03-15,AWS,ACCT-SHARED,Container Platform,us-east-1,res-shared-k8s-cluster-08,Shared-K8s-Node-Hours,366.44,USD,,,,,FINAL,2026-03-15T23:59:59Z
BILL-2026-00564,2026-03-22,AWS,ACCT-SHARED,Data Transfer,us-east-1,res-shared-gateway-08,Inter-Region-Data-GB,250,USD,,,,,FINAL,2026-03-22T23:59:59Z
BILL-2026-00565,2026-03-13,AWS,ACCT-SHARED,Container Platform,us-east-1,res-shared-k8s-cluster-09,Shared-K8s-Node-Hours,423.48,USD,,,,,FINAL,2026-03-13T23:59:59Z
BILL-2026-00566,2026-03-20,AWS,ACCT-SHARED,Data Transfer,us-east-1,res-shared-gateway-09,Inter-Region-Data-GB,108.55,USD,,,,,FINAL,2026-03-20T23:59:59Z
BILL-2026-00567,2026-03-18,AWS,ACCT-SHARED,Container Platform,us-east-1,res-shared-k8s-cluster-10,Shared-K8s-Node-Hours,670,USD,,,,,FINAL,2026-03-18T23:59:59Z
BILL-2026-00568,2026-03-28,AWS,ACCT-SHARED,Data Transfer,us-east-1,res-shared-gateway-10,Inter-Region-Data-GB,256.13,USD,,,,,FINAL,2026-03-28T23:59:59Z
BILL-2026-00569,2026-03-10,AWS,ACCT-SHARED,Container Platform,us-east-1,res-shared-k8s-cluster-11,Shared-K8s-Node-Hours,742.91,USD,,,,,FINAL,2026-03-10T23:59:59Z
BILL-2026-00570,2026-03-12,AWS,ACCT-SHARED,Data Transfer,us-east-1,res-shared-gateway-11,Inter-Region-Data-GB,227.53,USD,,,,,FINAL,2026-03-12T23:59:59Z
BILL-2026-00571,2026-03-23,AWS,ACCT-SHARED,Container Platform,us-east-1,res-shared-k8s-cluster-12,Shared-K8s-Node-Hours,441.1,USD,,,,,FINAL,2026-03-23T23:59:59Z
BILL-2026-00572,2026-03-17,AWS,ACCT-SHARED,Data Transfer,us-east-1,res-shared-gateway-12,Inter-Region-Data-GB,140.05,USD,,,,,FINAL,2026-03-17T23:59:59Z
BILL-2026-00573,2026-03-20,AWS,ACCT-SHARED,Container Platform,us-east-1,res-shared-k8s-cluster-13,Shared-K8s-Node-Hours,425.07,USD,,,,,FINAL,2026-03-20T23:59:59Z
BILL-2026-00574,2026-03-28,AWS,ACCT-SHARED,Data Transfer,us-east-1,res-shared-gateway-13,Inter-Region-Data-GB,183.93,USD,,,,,FINAL,2026-03-28T23:59:59Z
BILL-2026-00575,2026-03-19,AWS,ACCT-SHARED,Container Platform,us-east-1,res-shared-k8s-cluster-14,Shared-K8s-Node-Hours,404.95,USD,,,,,FINAL,2026-03-19T23:59:59Z
BILL-2026-00576,2026-03-14,AWS,ACCT-SHARED,Data Transfer,us-east-1,res-shared-gateway-14,Inter-Region-Data-GB,265.26,USD,,,,,FINAL,2026-03-14T23:59:59Z
BILL-2026-00577,2026-03-25,AWS,ACCT-SHARED,Container Platform,us-east-1,res-shared-k8s-cluster-15,Shared-K8s-Node-Hours,883.5,USD,,,,,FINAL,2026-03-25T23:59:59Z
BILL-2026-00578,2026-03-18,AWS,ACCT-SHARED,Data Transfer,us-east-1,res-shared-gateway-15,Inter-Region-Data-GB,185.37,USD,,,,,FINAL,2026-03-18T23:59:59Z
BILL-2026-00579,2026-03-15,AWS,ACCT-SHARED,Serverless,us-east-1,res-orphan-serverless-001,Function-Invocations,373.1,USD,,,,,FINAL,2026-03-15T23:59:59Z
BILL-2026-00580,2026-03-16,AWS,ACCT-SHARED,Object Storage,us-west-2,res-conflict-storage-002,Standard-Storage-GB,846.14,USD,,,,,FINAL,2026-03-16T23:59:59Z
BILL-2026-00581,2026-03-13,AWS,ACCT-ANALYTICS,Compute,us-west-2,res-corrupt-prod-003,vCPU-Hours,679.62,USD,env=prod;bu=Analytics;product=ClinicalData,Clinical Analytics Platform,Report Generation,Clinical Analytics,FINAL,2026-03-13T23:59:59Z
BILL-2026-00582,2026-03-23,AWS,ACCT-IMAGING,Compute,us-east-1,res-spike-imaging-gpu-004,GPU-Processing-Hours,1778.64,USD,,,,,FINAL,2026-03-23T23:59:59Z
BILL-2026-00583,2026-04-21,AWS,ACCT-IMAGING,Object Storage,us-east-1,res-img-storage-001,Standard-Storage-GB,461.94,USD,env=prod;bu=Radiology;product=Imaging,Medical Imaging Platform,Image Storage,Radiology,FINAL,2026-04-21T23:59:59Z
BILL-2026-00584,2026-04-27,AWS,ACCT-IMAGING,Compute,us-east-1,res-img-comp-001,vCPU-Hours,1292.64,USD,,,,,FINAL,2026-04-27T23:59:59Z
BILL-2026-00585,2026-04-13,AWS,ACCT-IMAGING,Object Storage,us-east-1,res-img-storage-002,Standard-Storage-GB,679.11,USD,env=prod;bu=Radiology;product=Imaging,Medical Imaging Platform,Image Storage,Radiology,FINAL,2026-04-13T23:59:59Z
BILL-2026-00586,2026-04-19,AWS,ACCT-IMAGING,Compute,us-east-1,res-img-comp-002,vCPU-Hours,670.76,USD,,,,,FINAL,2026-04-19T23:59:59Z
BILL-2026-00587,2026-04-25,AWS,ACCT-IMAGING,Object Storage,us-east-1,res-img-storage-003,Standard-Storage-GB,415.32,USD,env=prod;bu=Radiology;product=Imaging,Medical Imaging Platform,Image Storage,Radiology,FINAL,2026-04-25T23:59:59Z
BILL-2026-00588,2026-04-10,AWS,ACCT-IMAGING,Compute,us-east-1,res-img-comp-003,vCPU-Hours,408.92,USD,,,,,FINAL,2026-04-10T23:59:59Z
BILL-2026-00589,2026-04-16,AWS,ACCT-IMAGING,Object Storage,us-east-1,res-img-storage-004,Standard-Storage-GB,504.34,USD,env=prod;bu=Radiology;product=Imaging,Medical Imaging Platform,Image Storage,Radiology,FINAL,2026-04-16T23:59:59Z
BILL-2026-00590,2026-04-13,AWS,ACCT-IMAGING,Compute,us-east-1,res-img-comp-004,vCPU-Hours,1285.89,USD,,,,,FINAL,2026-04-13T23:59:59Z
BILL-2026-00591,2026-04-27,AWS,ACCT-IMAGING,Object Storage,us-east-1,res-img-storage-005,Standard-Storage-GB,404.98,USD,env=prod;bu=Radiology;product=Imaging,Medical Imaging Platform,Image Storage,Radiology,FINAL,2026-04-27T23:59:59Z
BILL-2026-00592,2026-04-12,AWS,ACCT-IMAGING,Compute,us-east-1,res-img-comp-005,vCPU-Hours,853.96,USD,,,,,FINAL,2026-04-12T23:59:59Z
BILL-2026-00593,2026-04-20,AWS,ACCT-IMAGING,Object Storage,us-east-1,res-img-storage-006,Standard-Storage-GB,314.15,USD,env=prod;bu=Radiology;product=Imaging,Medical Imaging Platform,Image Storage,Radiology,FINAL,2026-04-20T23:59:59Z
BILL-2026-00594,2026-04-21,AWS,ACCT-IMAGING,Compute,us-east-1,res-img-comp-006,vCPU-Hours,436.37,USD,,,,,FINAL,2026-04-21T23:59:59Z
BILL-2026-00595,2026-04-25,AWS,ACCT-IMAGING,Object Storage,us-east-1,res-img-storage-007,Standard-Storage-GB,718.31,USD,env=prod;bu=Radiology;product=Imaging,Medical Imaging Platform,Image Storage,Radiology,FINAL,2026-04-25T23:59:59Z
BILL-2026-00596,2026-04-12,AWS,ACCT-IMAGING,Compute,us-east-1,res-img-comp-007,vCPU-Hours,666.71,USD,,,,,FINAL,2026-04-12T23:59:59Z
BILL-2026-00597,2026-04-10,AWS,ACCT-IMAGING,Object Storage,us-east-1,res-img-storage-008,Standard-Storage-GB,608.2,USD,env=prod;bu=Radiology;product=Imaging,Medical Imaging Platform,Image Storage,Radiology,FINAL,2026-04-10T23:59:59Z
BILL-2026-00598,2026-04-28,AWS,ACCT-IMAGING,Compute,us-east-1,res-img-comp-008,vCPU-Hours,1233.72,USD,,,,,FINAL,2026-04-28T23:59:59Z
BILL-2026-00599,2026-04-24,AWS,ACCT-IMAGING,Object Storage,us-east-1,res-img-storage-009,Standard-Storage-GB,655.35,USD,env=prod;bu=Radiology;product=Imaging,Medical Imaging Platform,Image Storage,Radiology,FINAL,2026-04-24T23:59:59Z
BILL-2026-00600,2026-04-27,AWS,ACCT-IMAGING,Compute,us-east-1,res-img-comp-009,vCPU-Hours,411.4,USD,,,,,FINAL,2026-04-27T23:59:59Z
BILL-2026-00601,2026-04-18,AWS,ACCT-IMAGING,Object Storage,us-east-1,res-img-storage-010,Standard-Storage-GB,708.27,USD,env=prod;bu=Radiology;product=Imaging,Medical Imaging Platform,Image Storage,Radiology,FINAL,2026-04-18T23:59:59Z
BILL-2026-00602,2026-04-13,AWS,ACCT-IMAGING,Compute,us-east-1,res-img-comp-010,vCPU-Hours,1267.95,USD,,,,,FINAL,2026-04-13T23:59:59Z
BILL-2026-00603,2026-04-12,AWS,ACCT-IMAGING,Object Storage,us-east-1,res-img-storage-011,Standard-Storage-GB,741.26,USD,env=prod;bu=Radiology;product=Imaging,Medical Imaging Platform,Image Storage,Radiology,FINAL,2026-04-12T23:59:59Z
BILL-2026-00604,2026-04-24,AWS,ACCT-IMAGING,Compute,us-east-1,res-img-comp-011,vCPU-Hours,486.19,USD,,,,,FINAL,2026-04-24T23:59:59Z
BILL-2026-00605,2026-04-23,AWS,ACCT-IMAGING,Object Storage,us-east-1,res-img-storage-012,Standard-Storage-GB,284.92,USD,env=prod;bu=Radiology;product=Imaging,Medical Imaging Platform,Image Storage,Radiology,FINAL,2026-04-23T23:59:59Z
BILL-2026-00606,2026-04-10,AWS,ACCT-IMAGING,Compute,us-east-1,res-img-comp-012,vCPU-Hours,1368.62,USD,,,,,FINAL,2026-04-10T23:59:59Z
BILL-2026-00607,2026-04-10,AWS,ACCT-IMAGING,Object Storage,us-east-1,res-img-storage-013,Standard-Storage-GB,299.49,USD,env=prod;bu=Radiology;product=Imaging,Medical Imaging Platform,Image Storage,Radiology,FINAL,2026-04-10T23:59:59Z
BILL-2026-00608,2026-04-21,AWS,ACCT-IMAGING,Compute,us-east-1,res-img-comp-013,vCPU-Hours,728.6,USD,,,,,FINAL,2026-04-21T23:59:59Z
BILL-2026-00609,2026-04-26,AWS,ACCT-IMAGING,Object Storage,us-east-1,res-img-storage-014,Standard-Storage-GB,669.09,USD,env=prod;bu=Radiology;product=Imaging,Medical Imaging Platform,Image Storage,Radiology,FINAL,2026-04-26T23:59:59Z
BILL-2026-00610,2026-04-17,AWS,ACCT-IMAGING,Compute,us-east-1,res-img-comp-014,vCPU-Hours,750.11,USD,,,,,FINAL,2026-04-17T23:59:59Z
BILL-2026-00611,2026-04-19,AWS,ACCT-IMAGING,Object Storage,us-east-1,res-img-storage-015,Standard-Storage-GB,419.98,USD,env=prod;bu=Radiology;product=Imaging,Medical Imaging Platform,Image Storage,Radiology,FINAL,2026-04-19T23:59:59Z
BILL-2026-00612,2026-04-18,AWS,ACCT-IMAGING,Compute,us-east-1,res-img-comp-015,vCPU-Hours,827.13,USD,,,,,FINAL,2026-04-18T23:59:59Z
BILL-2026-00613,2026-04-21,AWS,ACCT-IMAGING,Object Storage,us-east-1,res-img-storage-016,Standard-Storage-GB,758.89,USD,env=prod;bu=Radiology;product=Imaging,Medical Imaging Platform,Image Storage,Radiology,FINAL,2026-04-21T23:59:59Z
BILL-2026-00614,2026-04-20,AWS,ACCT-IMAGING,Compute,us-east-1,res-img-comp-016,vCPU-Hours,915.87,USD,,,,,FINAL,2026-04-20T23:59:59Z
BILL-2026-00615,2026-04-15,AWS,ACCT-IMAGING,Object Storage,us-east-1,res-img-storage-017,Standard-Storage-GB,808.61,USD,env=prod;bu=Radiology;product=Imaging,Medical Imaging Platform,Image Storage,Radiology,FINAL,2026-04-15T23:59:59Z
BILL-2026-00616,2026-04-12,AWS,ACCT-IMAGING,Compute,us-east-1,res-img-comp-017,vCPU-Hours,1206.08,USD,,,,,FINAL,2026-04-12T23:59:59Z
BILL-2026-00617,2026-04-22,AWS,ACCT-IMAGING,Object Storage,us-east-1,res-img-storage-018,Standard-Storage-GB,682.64,USD,env=prod;bu=Radiology;product=Imaging,Medical Imaging Platform,Image Storage,Radiology,FINAL,2026-04-22T23:59:59Z
BILL-2026-00618,2026-04-20,AWS,ACCT-IMAGING,Compute,us-east-1,res-img-comp-018,vCPU-Hours,461.98,USD,,,,,FINAL,2026-04-20T23:59:59Z
BILL-2026-00619,2026-04-15,AWS,ACCT-IMAGING,Object Storage,us-east-1,res-img-storage-019,Standard-Storage-GB,717.35,USD,env=prod;bu=Radiology;product=Imaging,Medical Imaging Platform,Image Storage,Radiology,FINAL,2026-04-15T23:59:59Z
BILL-2026-00620,2026-04-22,AWS,ACCT-IMAGING,Compute,us-east-1,res-img-comp-019,vCPU-Hours,1307.08,USD,,,,,FINAL,2026-04-22T23:59:59Z
BILL-2026-00621,2026-04-21,AWS,ACCT-IMAGING,Object Storage,us-east-1,res-img-storage-020,Standard-Storage-GB,663.54,USD,env=prod;bu=Radiology;product=Imaging,Medical Imaging Platform,Image Storage,Radiology,FINAL,2026-04-21T23:59:59Z
BILL-2026-00622,2026-04-16,AWS,ACCT-IMAGING,Compute,us-east-1,res-img-comp-020,vCPU-Hours,1134.41,USD,,,,,FINAL,2026-04-16T23:59:59Z
BILL-2026-00623,2026-04-28,AWS,ACCT-IMAGING,Object Storage,us-east-1,res-img-storage-021,Standard-Storage-GB,622.85,USD,env=prod;bu=Radiology;product=Imaging,Medical Imaging Platform,Image Storage,Radiology,FINAL,2026-04-28T23:59:59Z
BILL-2026-00624,2026-04-27,AWS,ACCT-IMAGING,Compute,us-east-1,res-img-comp-021,vCPU-Hours,1115.18,USD,,,,,FINAL,2026-04-27T23:59:59Z
BILL-2026-00625,2026-04-14,AWS,ACCT-IMAGING,Object Storage,us-east-1,res-img-storage-022,Standard-Storage-GB,628.55,USD,env=prod;bu=Radiology;product=Imaging,Medical Imaging Platform,Image Storage,Radiology,FINAL,2026-04-14T23:59:59Z
BILL-2026-00626,2026-04-14,AWS,ACCT-IMAGING,Compute,us-east-1,res-img-comp-022,vCPU-Hours,1217.18,USD,,,,,FINAL,2026-04-14T23:59:59Z
BILL-2026-00627,2026-04-20,AWS,ACCT-IMAGING,Object Storage,us-east-1,res-img-storage-023,Standard-Storage-GB,561.97,USD,env=prod;bu=Radiology;product=Imaging,Medical Imaging Platform,Image Storage,Radiology,FINAL,2026-04-20T23:59:59Z
BILL-2026-00628,2026-04-11,AWS,ACCT-IMAGING,Compute,us-east-1,res-img-comp-023,vCPU-Hours,1086.85,USD,,,,,FINAL,2026-04-11T23:59:59Z
BILL-2026-00629,2026-04-26,AWS,ACCT-IMAGING,Object Storage,us-east-1,res-img-storage-024,Standard-Storage-GB,750.07,USD,env=prod;bu=Radiology;product=Imaging,Medical Imaging Platform,Image Storage,Radiology,FINAL,2026-04-26T23:59:59Z
BILL-2026-00630,2026-04-15,AWS,ACCT-IMAGING,Compute,us-east-1,res-img-comp-024,vCPU-Hours,424.28,USD,,,,,FINAL,2026-04-15T23:59:59Z
BILL-2026-00631,2026-04-20,AWS,ACCT-IMAGING,Object Storage,us-east-1,res-img-storage-025,Standard-Storage-GB,442.95,USD,env=prod;bu=Radiology;product=Imaging,Medical Imaging Platform,Image Storage,Radiology,FINAL,2026-04-20T23:59:59Z
BILL-2026-00632,2026-04-24,AWS,ACCT-IMAGING,Compute,us-east-1,res-img-comp-025,vCPU-Hours,937.42,USD,,,,,FINAL,2026-04-24T23:59:59Z
BILL-2026-00633,2026-04-19,AWS,ACCT-PORTAL,Container Platform,us-east-2,res-portal-app-001,Container-Hours,744.66,USD,env=prod;bu=PatientPortal;product=Portal,Patient Portal,Appointment Management,Patient Portal,FINAL,2026-04-19T23:59:59Z
BILL-2026-00634,2026-04-20,AWS,ACCT-PORTAL,Database,us-east-2,res-portal-db-001,IOPS-and-Storage,1041.41,USD,,,,,FINAL,2026-04-20T23:59:59Z
BILL-2026-00635,2026-04-19,AWS,ACCT-PORTAL,Container Platform,us-east-2,res-portal-app-002,Container-Hours,457.04,USD,env=prod;bu=PatientPortal;product=Portal,Patient Portal,Appointment Management,Patient Portal,FINAL,2026-04-19T23:59:59Z
BILL-2026-00636,2026-04-15,AWS,ACCT-PORTAL,Database,us-east-2,res-portal-db-002,IOPS-and-Storage,789.33,USD,,,,,FINAL,2026-04-15T23:59:59Z
BILL-2026-00637,2026-04-11,AWS,ACCT-PORTAL,Container Platform,us-east-2,res-portal-app-003,Container-Hours,900.3,USD,env=prod;bu=PatientPortal;product=Portal,Patient Portal,Appointment Management,Patient Portal,FINAL,2026-04-11T23:59:59Z
BILL-2026-00638,2026-04-16,AWS,ACCT-PORTAL,Database,us-east-2,res-portal-db-003,IOPS-and-Storage,803.8,USD,,,,,FINAL,2026-04-16T23:59:59Z
BILL-2026-00639,2026-04-19,AWS,ACCT-PORTAL,Container Platform,us-east-2,res-portal-app-004,Container-Hours,949.08,USD,env=prod;bu=PatientPortal;product=Portal,Patient Portal,Appointment Management,Patient Portal,FINAL,2026-04-19T23:59:59Z
BILL-2026-00640,2026-04-25,AWS,ACCT-PORTAL,Database,us-east-2,res-portal-db-004,IOPS-and-Storage,878.75,USD,,,,,FINAL,2026-04-25T23:59:59Z
BILL-2026-00641,2026-04-11,AWS,ACCT-PORTAL,Container Platform,us-east-2,res-portal-app-005,Container-Hours,830.88,USD,env=prod;bu=PatientPortal;product=Portal,Patient Portal,Appointment Management,Patient Portal,FINAL,2026-04-11T23:59:59Z
BILL-2026-00642,2026-04-23,AWS,ACCT-PORTAL,Database,us-east-2,res-portal-db-005,IOPS-and-Storage,804.89,USD,,,,,FINAL,2026-04-23T23:59:59Z
BILL-2026-00643,2026-04-17,AWS,ACCT-PORTAL,Container Platform,us-east-2,res-portal-app-006,Container-Hours,638.29,USD,env=prod;bu=PatientPortal;product=Portal,Patient Portal,Appointment Management,Patient Portal,FINAL,2026-04-17T23:59:59Z
BILL-2026-00644,2026-04-13,AWS,ACCT-PORTAL,Database,us-east-2,res-portal-db-006,IOPS-and-Storage,785.01,USD,,,,,FINAL,2026-04-13T23:59:59Z
BILL-2026-00645,2026-04-28,AWS,ACCT-PORTAL,Container Platform,us-east-2,res-portal-app-007,Container-Hours,824.96,USD,env=prod;bu=PatientPortal;product=Portal,Patient Portal,Appointment Management,Patient Portal,FINAL,2026-04-28T23:59:59Z
BILL-2026-00646,2026-04-28,AWS,ACCT-PORTAL,Database,us-east-2,res-portal-db-007,IOPS-and-Storage,823.17,USD,,,,,FINAL,2026-04-28T23:59:59Z
BILL-2026-00647,2026-04-22,AWS,ACCT-PORTAL,Container Platform,us-east-2,res-portal-app-008,Container-Hours,666.22,USD,env=prod;bu=PatientPortal;product=Portal,Patient Portal,Appointment Management,Patient Portal,FINAL,2026-04-22T23:59:59Z
BILL-2026-00648,2026-04-26,AWS,ACCT-PORTAL,Database,us-east-2,res-portal-db-008,IOPS-and-Storage,1010.51,USD,,,,,FINAL,2026-04-26T23:59:59Z
BILL-2026-00649,2026-04-25,AWS,ACCT-PORTAL,Container Platform,us-east-2,res-portal-app-009,Container-Hours,676.9,USD,env=prod;bu=PatientPortal;product=Portal,Patient Portal,Appointment Management,Patient Portal,FINAL,2026-04-25T23:59:59Z
BILL-2026-00650,2026-04-20,AWS,ACCT-PORTAL,Database,us-east-2,res-portal-db-009,IOPS-and-Storage,609.2,USD,,,,,FINAL,2026-04-20T23:59:59Z
BILL-2026-00651,2026-04-20,AWS,ACCT-PORTAL,Container Platform,us-east-2,res-portal-app-010,Container-Hours,859.67,USD,env=prod;bu=PatientPortal;product=Portal,Patient Portal,Appointment Management,Patient Portal,FINAL,2026-04-20T23:59:59Z
BILL-2026-00652,2026-04-20,AWS,ACCT-PORTAL,Database,us-east-2,res-portal-db-010,IOPS-and-Storage,1093.36,USD,,,,,FINAL,2026-04-20T23:59:59Z
BILL-2026-00653,2026-04-13,AWS,ACCT-PORTAL,Container Platform,us-east-2,res-portal-app-011,Container-Hours,690.15,USD,env=prod;bu=PatientPortal;product=Portal,Patient Portal,Appointment Management,Patient Portal,FINAL,2026-04-13T23:59:59Z
BILL-2026-00654,2026-04-28,AWS,ACCT-PORTAL,Database,us-east-2,res-portal-db-011,IOPS-and-Storage,377.12,USD,,,,,FINAL,2026-04-28T23:59:59Z
BILL-2026-00655,2026-04-21,AWS,ACCT-PORTAL,Container Platform,us-east-2,res-portal-app-012,Container-Hours,871.24,USD,env=prod;bu=PatientPortal;product=Portal,Patient Portal,Appointment Management,Patient Portal,FINAL,2026-04-21T23:59:59Z
BILL-2026-00656,2026-04-21,AWS,ACCT-PORTAL,Database,us-east-2,res-portal-db-012,IOPS-and-Storage,540.45,USD,,,,,FINAL,2026-04-21T23:59:59Z
BILL-2026-00657,2026-04-24,AWS,ACCT-PORTAL,Container Platform,us-east-2,res-portal-app-013,Container-Hours,362.71,USD,env=prod;bu=PatientPortal;product=Portal,Patient Portal,Appointment Management,Patient Portal,FINAL,2026-04-24T23:59:59Z
BILL-2026-00658,2026-04-27,AWS,ACCT-PORTAL,Database,us-east-2,res-portal-db-013,IOPS-and-Storage,935.67,USD,,,,,FINAL,2026-04-27T23:59:59Z
BILL-2026-00659,2026-04-17,AWS,ACCT-PORTAL,Container Platform,us-east-2,res-portal-app-014,Container-Hours,491.35,USD,env=prod;bu=PatientPortal;product=Portal,Patient Portal,Appointment Management,Patient Portal,FINAL,2026-04-17T23:59:59Z
BILL-2026-00660,2026-04-19,AWS,ACCT-PORTAL,Database,us-east-2,res-portal-db-014,IOPS-and-Storage,386.48,USD,,,,,FINAL,2026-04-19T23:59:59Z
BILL-2026-00661,2026-04-12,AWS,ACCT-PORTAL,Container Platform,us-east-2,res-portal-app-015,Container-Hours,881.64,USD,env=prod;bu=PatientPortal;product=Portal,Patient Portal,Appointment Management,Patient Portal,FINAL,2026-04-12T23:59:59Z
BILL-2026-00662,2026-04-25,AWS,ACCT-PORTAL,Database,us-east-2,res-portal-db-015,IOPS-and-Storage,1026.04,USD,,,,,FINAL,2026-04-25T23:59:59Z
BILL-2026-00663,2026-04-11,AWS,ACCT-PORTAL,Container Platform,us-east-2,res-portal-app-016,Container-Hours,366.65,USD,env=prod;bu=PatientPortal;product=Portal,Patient Portal,Appointment Management,Patient Portal,FINAL,2026-04-11T23:59:59Z
BILL-2026-00664,2026-04-18,AWS,ACCT-PORTAL,Database,us-east-2,res-portal-db-016,IOPS-and-Storage,815.94,USD,,,,,FINAL,2026-04-18T23:59:59Z
BILL-2026-00665,2026-04-14,AWS,ACCT-PORTAL,Container Platform,us-east-2,res-portal-app-017,Container-Hours,646.61,USD,env=prod;bu=PatientPortal;product=Portal,Patient Portal,Appointment Management,Patient Portal,FINAL,2026-04-14T23:59:59Z
BILL-2026-00666,2026-04-17,AWS,ACCT-PORTAL,Database,us-east-2,res-portal-db-017,IOPS-and-Storage,505.65,USD,,,,,FINAL,2026-04-17T23:59:59Z
BILL-2026-00667,2026-04-28,AWS,ACCT-PORTAL,Container Platform,us-east-2,res-portal-app-018,Container-Hours,661.1,USD,env=prod;bu=PatientPortal;product=Portal,Patient Portal,Appointment Management,Patient Portal,FINAL,2026-04-28T23:59:59Z
BILL-2026-00668,2026-04-26,AWS,ACCT-PORTAL,Database,us-east-2,res-portal-db-018,IOPS-and-Storage,345.7,USD,,,,,FINAL,2026-04-26T23:59:59Z
BILL-2026-00669,2026-04-27,AWS,ACCT-PORTAL,Container Platform,us-east-2,res-portal-app-019,Container-Hours,351.95,USD,env=prod;bu=PatientPortal;product=Portal,Patient Portal,Appointment Management,Patient Portal,FINAL,2026-04-27T23:59:59Z
BILL-2026-00670,2026-04-27,AWS,ACCT-PORTAL,Database,us-east-2,res-portal-db-019,IOPS-and-Storage,823,USD,,,,,FINAL,2026-04-27T23:59:59Z
BILL-2026-00671,2026-04-10,AWS,ACCT-PORTAL,Container Platform,us-east-2,res-portal-app-020,Container-Hours,484.41,USD,env=prod;bu=PatientPortal;product=Portal,Patient Portal,Appointment Management,Patient Portal,FINAL,2026-04-10T23:59:59Z
BILL-2026-00672,2026-04-27,AWS,ACCT-PORTAL,Database,us-east-2,res-portal-db-020,IOPS-and-Storage,1064.94,USD,,,,,FINAL,2026-04-27T23:59:59Z
BILL-2026-00673,2026-04-19,AWS,ACCT-ANALYTICS,Compute,us-west-2,res-analytics-node-001,Memory-Optimized-Hours,1107.03,USD,env=prod;bu=Analytics;product=ClinicalData,Clinical Analytics Platform,Report Generation,Clinical Analytics,FINAL,2026-04-19T23:59:59Z
BILL-2026-00674,2026-04-10,AWS,ACCT-ANALYTICS,Database,us-west-2,res-analytics-db-001,Warehouse-Compute-Credits,1084.94,USD,,,,,FINAL,2026-04-10T23:59:59Z
BILL-2026-00675,2026-04-13,AWS,ACCT-ANALYTICS,Compute,us-west-2,res-analytics-node-002,Memory-Optimized-Hours,491.83,USD,env=prod;bu=Analytics;product=ClinicalData,Clinical Analytics Platform,Report Generation,Clinical Analytics,FINAL,2026-04-13T23:59:59Z
BILL-2026-00676,2026-04-15,AWS,ACCT-ANALYTICS,Database,us-west-2,res-analytics-db-002,Warehouse-Compute-Credits,716.18,USD,,,,,FINAL,2026-04-15T23:59:59Z
BILL-2026-00677,2026-04-16,AWS,ACCT-ANALYTICS,Compute,us-west-2,res-analytics-node-003,Memory-Optimized-Hours,1345.39,USD,env=prod;bu=Analytics;product=ClinicalData,Clinical Analytics Platform,Report Generation,Clinical Analytics,FINAL,2026-04-16T23:59:59Z
BILL-2026-00678,2026-04-22,AWS,ACCT-ANALYTICS,Database,us-west-2,res-analytics-db-003,Warehouse-Compute-Credits,808.5,USD,,,,,FINAL,2026-04-22T23:59:59Z
BILL-2026-00679,2026-04-19,AWS,ACCT-ANALYTICS,Compute,us-west-2,res-analytics-node-004,Memory-Optimized-Hours,954.39,USD,env=prod;bu=Analytics;product=ClinicalData,Clinical Analytics Platform,Report Generation,Clinical Analytics,FINAL,2026-04-19T23:59:59Z
BILL-2026-00680,2026-04-27,AWS,ACCT-ANALYTICS,Database,us-west-2,res-analytics-db-004,Warehouse-Compute-Credits,426.2,USD,,,,,FINAL,2026-04-27T23:59:59Z
BILL-2026-00681,2026-04-14,AWS,ACCT-ANALYTICS,Compute,us-west-2,res-analytics-node-005,Memory-Optimized-Hours,543.13,USD,env=prod;bu=Analytics;product=ClinicalData,Clinical Analytics Platform,Report Generation,Clinical Analytics,FINAL,2026-04-14T23:59:59Z
BILL-2026-00682,2026-04-25,AWS,ACCT-ANALYTICS,Database,us-west-2,res-analytics-db-005,Warehouse-Compute-Credits,788.38,USD,,,,,FINAL,2026-04-25T23:59:59Z
BILL-2026-00683,2026-04-21,AWS,ACCT-ANALYTICS,Compute,us-west-2,res-analytics-node-006,Memory-Optimized-Hours,599.69,USD,env=prod;bu=Analytics;product=ClinicalData,Clinical Analytics Platform,Report Generation,Clinical Analytics,FINAL,2026-04-21T23:59:59Z
BILL-2026-00684,2026-04-14,AWS,ACCT-ANALYTICS,Database,us-west-2,res-analytics-db-006,Warehouse-Compute-Credits,515.99,USD,,,,,FINAL,2026-04-14T23:59:59Z
BILL-2026-00685,2026-04-11,AWS,ACCT-ANALYTICS,Compute,us-west-2,res-analytics-node-007,Memory-Optimized-Hours,506,USD,env=prod;bu=Analytics;product=ClinicalData,Clinical Analytics Platform,Report Generation,Clinical Analytics,FINAL,2026-04-11T23:59:59Z
BILL-2026-00686,2026-04-22,AWS,ACCT-ANALYTICS,Database,us-west-2,res-analytics-db-007,Warehouse-Compute-Credits,1027.11,USD,,,,,FINAL,2026-04-22T23:59:59Z
BILL-2026-00687,2026-04-27,AWS,ACCT-ANALYTICS,Compute,us-west-2,res-analytics-node-008,Memory-Optimized-Hours,569.07,USD,env=prod;bu=Analytics;product=ClinicalData,Clinical Analytics Platform,Report Generation,Clinical Analytics,FINAL,2026-04-27T23:59:59Z
BILL-2026-00688,2026-04-12,AWS,ACCT-ANALYTICS,Database,us-west-2,res-analytics-db-008,Warehouse-Compute-Credits,983.15,USD,,,,,FINAL,2026-04-12T23:59:59Z
BILL-2026-00689,2026-04-14,AWS,ACCT-ANALYTICS,Compute,us-west-2,res-analytics-node-009,Memory-Optimized-Hours,1294.54,USD,env=prod;bu=Analytics;product=ClinicalData,Clinical Analytics Platform,Report Generation,Clinical Analytics,FINAL,2026-04-14T23:59:59Z
BILL-2026-00690,2026-04-28,AWS,ACCT-ANALYTICS,Database,us-west-2,res-analytics-db-009,Warehouse-Compute-Credits,470.16,USD,,,,,FINAL,2026-04-28T23:59:59Z
BILL-2026-00691,2026-04-19,AWS,ACCT-ANALYTICS,Compute,us-west-2,res-analytics-node-010,Memory-Optimized-Hours,624.22,USD,env=prod;bu=Analytics;product=ClinicalData,Clinical Analytics Platform,Report Generation,Clinical Analytics,FINAL,2026-04-19T23:59:59Z
BILL-2026-00692,2026-04-20,AWS,ACCT-ANALYTICS,Database,us-west-2,res-analytics-db-010,Warehouse-Compute-Credits,780.25,USD,,,,,FINAL,2026-04-20T23:59:59Z
BILL-2026-00693,2026-04-18,AWS,ACCT-ANALYTICS,Compute,us-west-2,res-analytics-node-011,Memory-Optimized-Hours,621.31,USD,env=prod;bu=Analytics;product=ClinicalData,Clinical Analytics Platform,Report Generation,Clinical Analytics,FINAL,2026-04-18T23:59:59Z
BILL-2026-00694,2026-04-20,AWS,ACCT-ANALYTICS,Database,us-west-2,res-analytics-db-011,Warehouse-Compute-Credits,521.81,USD,,,,,FINAL,2026-04-20T23:59:59Z
BILL-2026-00695,2026-04-16,AWS,ACCT-ANALYTICS,Compute,us-west-2,res-analytics-node-012,Memory-Optimized-Hours,1166.45,USD,env=prod;bu=Analytics;product=ClinicalData,Clinical Analytics Platform,Report Generation,Clinical Analytics,FINAL,2026-04-16T23:59:59Z
BILL-2026-00696,2026-04-22,AWS,ACCT-ANALYTICS,Database,us-west-2,res-analytics-db-012,Warehouse-Compute-Credits,822.48,USD,,,,,FINAL,2026-04-22T23:59:59Z
BILL-2026-00697,2026-04-11,AWS,ACCT-ANALYTICS,Compute,us-west-2,res-analytics-node-013,Memory-Optimized-Hours,598.02,USD,env=prod;bu=Analytics;product=ClinicalData,Clinical Analytics Platform,Report Generation,Clinical Analytics,FINAL,2026-04-11T23:59:59Z
BILL-2026-00698,2026-04-11,AWS,ACCT-ANALYTICS,Database,us-west-2,res-analytics-db-013,Warehouse-Compute-Credits,915.41,USD,,,,,FINAL,2026-04-11T23:59:59Z
BILL-2026-00699,2026-04-10,AWS,ACCT-ANALYTICS,Compute,us-west-2,res-analytics-node-014,Memory-Optimized-Hours,455.7,USD,env=prod;bu=Analytics;product=ClinicalData,Clinical Analytics Platform,Report Generation,Clinical Analytics,FINAL,2026-04-10T23:59:59Z
BILL-2026-00700,2026-04-20,AWS,ACCT-ANALYTICS,Database,us-west-2,res-analytics-db-014,Warehouse-Compute-Credits,730.02,USD,,,,,FINAL,2026-04-20T23:59:59Z
BILL-2026-00701,2026-04-21,AWS,ACCT-ANALYTICS,Compute,us-west-2,res-analytics-node-015,Memory-Optimized-Hours,1192.33,USD,env=prod;bu=Analytics;product=ClinicalData,Clinical Analytics Platform,Report Generation,Clinical Analytics,FINAL,2026-04-21T23:59:59Z
BILL-2026-00702,2026-04-12,AWS,ACCT-ANALYTICS,Database,us-west-2,res-analytics-db-015,Warehouse-Compute-Credits,464.32,USD,,,,,FINAL,2026-04-12T23:59:59Z
BILL-2026-00703,2026-04-22,AWS,ACCT-ANALYTICS,Compute,us-west-2,res-analytics-node-016,Memory-Optimized-Hours,1087.82,USD,env=prod;bu=Analytics;product=ClinicalData,Clinical Analytics Platform,Report Generation,Clinical Analytics,FINAL,2026-04-22T23:59:59Z
BILL-2026-00704,2026-04-16,AWS,ACCT-ANALYTICS,Database,us-west-2,res-analytics-db-016,Warehouse-Compute-Credits,750.72,USD,,,,,FINAL,2026-04-16T23:59:59Z
BILL-2026-00705,2026-04-24,AWS,ACCT-ANALYTICS,Compute,us-west-2,res-analytics-node-017,Memory-Optimized-Hours,1230.44,USD,env=prod;bu=Analytics;product=ClinicalData,Clinical Analytics Platform,Report Generation,Clinical Analytics,FINAL,2026-04-24T23:59:59Z
BILL-2026-00706,2026-04-21,AWS,ACCT-ANALYTICS,Database,us-west-2,res-analytics-db-017,Warehouse-Compute-Credits,942.69,USD,,,,,FINAL,2026-04-21T23:59:59Z
BILL-2026-00707,2026-04-27,AWS,ACCT-ANALYTICS,Compute,us-west-2,res-analytics-node-018,Memory-Optimized-Hours,992.61,USD,env=prod;bu=Analytics;product=ClinicalData,Clinical Analytics Platform,Report Generation,Clinical Analytics,FINAL,2026-04-27T23:59:59Z
BILL-2026-00708,2026-04-13,AWS,ACCT-ANALYTICS,Database,us-west-2,res-analytics-db-018,Warehouse-Compute-Credits,339.21,USD,,,,,FINAL,2026-04-13T23:59:59Z
BILL-2026-00709,2026-04-20,AWS,ACCT-ANALYTICS,Compute,us-west-2,res-analytics-node-019,Memory-Optimized-Hours,587.18,USD,env=prod;bu=Analytics;product=ClinicalData,Clinical Analytics Platform,Report Generation,Clinical Analytics,FINAL,2026-04-20T23:59:59Z
BILL-2026-00710,2026-04-16,AWS,ACCT-ANALYTICS,Database,us-west-2,res-analytics-db-019,Warehouse-Compute-Credits,433.23,USD,,,,,FINAL,2026-04-16T23:59:59Z
BILL-2026-00711,2026-04-25,AWS,ACCT-ANALYTICS,Compute,us-west-2,res-analytics-node-020,Memory-Optimized-Hours,508.44,USD,env=prod;bu=Analytics;product=ClinicalData,Clinical Analytics Platform,Report Generation,Clinical Analytics,FINAL,2026-04-25T23:59:59Z
BILL-2026-00712,2026-04-23,AWS,ACCT-ANALYTICS,Database,us-west-2,res-analytics-db-020,Warehouse-Compute-Credits,472.36,USD,,,,,FINAL,2026-04-23T23:59:59Z
BILL-2026-00713,2026-04-27,AWS,ACCT-BACKUP,Backup,us-east-1,res-backup-vault-001,Archive-Storage-GB,229.08,USD,,,,,FINAL,2026-04-27T23:59:59Z
BILL-2026-00714,2026-04-16,AWS,ACCT-LOGGING,Logging,us-east-1,res-log-ingest-001,Log-Ingested-GB,243.01,USD,,,,,FINAL,2026-04-16T23:59:59Z
BILL-2026-00715,2026-04-19,AWS,ACCT-BACKUP,Backup,us-east-1,res-backup-vault-002,Archive-Storage-GB,236.22,USD,,,,,FINAL,2026-04-19T23:59:59Z
BILL-2026-00716,2026-04-19,AWS,ACCT-LOGGING,Logging,us-east-1,res-log-ingest-002,Log-Ingested-GB,395.29,USD,,,,,FINAL,2026-04-19T23:59:59Z
BILL-2026-00717,2026-04-28,AWS,ACCT-BACKUP,Backup,us-east-1,res-backup-vault-003,Archive-Storage-GB,469.73,USD,,,,,FINAL,2026-04-28T23:59:59Z
BILL-2026-00718,2026-04-15,AWS,ACCT-LOGGING,Logging,us-east-1,res-log-ingest-003,Log-Ingested-GB,218.41,USD,,,,,FINAL,2026-04-15T23:59:59Z
BILL-2026-00719,2026-04-13,AWS,ACCT-BACKUP,Backup,us-east-1,res-backup-vault-004,Archive-Storage-GB,350.63,USD,,,,,FINAL,2026-04-13T23:59:59Z
BILL-2026-00720,2026-04-24,AWS,ACCT-LOGGING,Logging,us-east-1,res-log-ingest-004,Log-Ingested-GB,497.69,USD,,,,,FINAL,2026-04-24T23:59:59Z
BILL-2026-00721,2026-04-16,AWS,ACCT-BACKUP,Backup,us-east-1,res-backup-vault-005,Archive-Storage-GB,487.1,USD,,,,,FINAL,2026-04-16T23:59:59Z
BILL-2026-00722,2026-04-10,AWS,ACCT-LOGGING,Logging,us-east-1,res-log-ingest-005,Log-Ingested-GB,239.22,USD,,,,,FINAL,2026-04-10T23:59:59Z
BILL-2026-00723,2026-04-27,AWS,ACCT-BACKUP,Backup,us-east-1,res-backup-vault-006,Archive-Storage-GB,368.78,USD,,,,,FINAL,2026-04-27T23:59:59Z
BILL-2026-00724,2026-04-19,AWS,ACCT-LOGGING,Logging,us-east-1,res-log-ingest-006,Log-Ingested-GB,285.96,USD,,,,,FINAL,2026-04-19T23:59:59Z
BILL-2026-00725,2026-04-27,AWS,ACCT-BACKUP,Backup,us-east-1,res-backup-vault-007,Archive-Storage-GB,383.14,USD,,,,,FINAL,2026-04-27T23:59:59Z
BILL-2026-00726,2026-04-12,AWS,ACCT-LOGGING,Logging,us-east-1,res-log-ingest-007,Log-Ingested-GB,462.84,USD,,,,,FINAL,2026-04-12T23:59:59Z
BILL-2026-00727,2026-04-10,AWS,ACCT-BACKUP,Backup,us-east-1,res-backup-vault-008,Archive-Storage-GB,567.06,USD,,,,,FINAL,2026-04-10T23:59:59Z
BILL-2026-00728,2026-04-25,AWS,ACCT-LOGGING,Logging,us-east-1,res-log-ingest-008,Log-Ingested-GB,402.95,USD,,,,,FINAL,2026-04-25T23:59:59Z
BILL-2026-00729,2026-04-11,AWS,ACCT-BACKUP,Backup,us-east-1,res-backup-vault-009,Archive-Storage-GB,410.87,USD,,,,,FINAL,2026-04-11T23:59:59Z
BILL-2026-00730,2026-04-18,AWS,ACCT-LOGGING,Logging,us-east-1,res-log-ingest-009,Log-Ingested-GB,384.58,USD,,,,,FINAL,2026-04-18T23:59:59Z
BILL-2026-00731,2026-04-17,AWS,ACCT-BACKUP,Backup,us-east-1,res-backup-vault-010,Archive-Storage-GB,285.89,USD,,,,,FINAL,2026-04-17T23:59:59Z
BILL-2026-00732,2026-04-10,AWS,ACCT-LOGGING,Logging,us-east-1,res-log-ingest-010,Log-Ingested-GB,213.46,USD,,,,,FINAL,2026-04-10T23:59:59Z
BILL-2026-00733,2026-04-12,AWS,ACCT-BACKUP,Backup,us-east-1,res-backup-vault-011,Archive-Storage-GB,199.77,USD,,,,,FINAL,2026-04-12T23:59:59Z
BILL-2026-00734,2026-04-23,AWS,ACCT-LOGGING,Logging,us-east-1,res-log-ingest-011,Log-Ingested-GB,365.87,USD,,,,,FINAL,2026-04-23T23:59:59Z
BILL-2026-00735,2026-04-19,AWS,ACCT-BACKUP,Backup,us-east-1,res-backup-vault-012,Archive-Storage-GB,372.31,USD,,,,,FINAL,2026-04-19T23:59:59Z
BILL-2026-00736,2026-04-13,AWS,ACCT-LOGGING,Logging,us-east-1,res-log-ingest-012,Log-Ingested-GB,350.01,USD,,,,,FINAL,2026-04-13T23:59:59Z
BILL-2026-00737,2026-04-23,AWS,ACCT-BACKUP,Backup,us-east-1,res-backup-vault-013,Archive-Storage-GB,507.43,USD,,,,,FINAL,2026-04-23T23:59:59Z
BILL-2026-00738,2026-04-12,AWS,ACCT-LOGGING,Logging,us-east-1,res-log-ingest-013,Log-Ingested-GB,385.83,USD,,,,,FINAL,2026-04-12T23:59:59Z
BILL-2026-00739,2026-04-12,AWS,ACCT-BACKUP,Backup,us-east-1,res-backup-vault-014,Archive-Storage-GB,262.7,USD,,,,,FINAL,2026-04-12T23:59:59Z
BILL-2026-00740,2026-04-24,AWS,ACCT-LOGGING,Logging,us-east-1,res-log-ingest-014,Log-Ingested-GB,231.35,USD,,,,,FINAL,2026-04-24T23:59:59Z
BILL-2026-00741,2026-04-10,AWS,ACCT-BACKUP,Backup,us-east-1,res-backup-vault-015,Archive-Storage-GB,409.22,USD,,,,,FINAL,2026-04-10T23:59:59Z
BILL-2026-00742,2026-04-10,AWS,ACCT-LOGGING,Logging,us-east-1,res-log-ingest-015,Log-Ingested-GB,250.51,USD,,,,,FINAL,2026-04-10T23:59:59Z
BILL-2026-00743,2026-04-17,AWS,ACCT-SHARED,Container Platform,us-east-1,res-shared-k8s-cluster-01,Shared-K8s-Node-Hours,781.63,USD,,,,,FINAL,2026-04-17T23:59:59Z
BILL-2026-00744,2026-04-11,AWS,ACCT-SHARED,Data Transfer,us-east-1,res-shared-gateway-01,Inter-Region-Data-GB,271.86,USD,,,,,FINAL,2026-04-11T23:59:59Z
BILL-2026-00745,2026-04-25,AWS,ACCT-SHARED,Container Platform,us-east-1,res-shared-k8s-cluster-02,Shared-K8s-Node-Hours,408.74,USD,,,,,FINAL,2026-04-25T23:59:59Z
BILL-2026-00746,2026-04-10,AWS,ACCT-SHARED,Data Transfer,us-east-1,res-shared-gateway-02,Inter-Region-Data-GB,233.42,USD,,,,,FINAL,2026-04-10T23:59:59Z
BILL-2026-00747,2026-04-11,AWS,ACCT-SHARED,Container Platform,us-east-1,res-shared-k8s-cluster-03,Shared-K8s-Node-Hours,586.79,USD,,,,,FINAL,2026-04-11T23:59:59Z
BILL-2026-00748,2026-04-26,AWS,ACCT-SHARED,Data Transfer,us-east-1,res-shared-gateway-03,Inter-Region-Data-GB,378.19,USD,,,,,FINAL,2026-04-26T23:59:59Z
BILL-2026-00749,2026-04-12,AWS,ACCT-SHARED,Container Platform,us-east-1,res-shared-k8s-cluster-04,Shared-K8s-Node-Hours,807.75,USD,,,,,FINAL,2026-04-12T23:59:59Z
BILL-2026-00750,2026-04-27,AWS,ACCT-SHARED,Data Transfer,us-east-1,res-shared-gateway-04,Inter-Region-Data-GB,181.55,USD,,,,,FINAL,2026-04-27T23:59:59Z
BILL-2026-00751,2026-04-17,AWS,ACCT-SHARED,Container Platform,us-east-1,res-shared-k8s-cluster-05,Shared-K8s-Node-Hours,681.9,USD,,,,,FINAL,2026-04-17T23:59:59Z
BILL-2026-00752,2026-04-24,AWS,ACCT-SHARED,Data Transfer,us-east-1,res-shared-gateway-05,Inter-Region-Data-GB,332.09,USD,,,,,FINAL,2026-04-24T23:59:59Z
BILL-2026-00753,2026-04-11,AWS,ACCT-SHARED,Container Platform,us-east-1,res-shared-k8s-cluster-06,Shared-K8s-Node-Hours,905.06,USD,,,,,FINAL,2026-04-11T23:59:59Z
BILL-2026-00754,2026-04-26,AWS,ACCT-SHARED,Data Transfer,us-east-1,res-shared-gateway-06,Inter-Region-Data-GB,111,USD,,,,,FINAL,2026-04-26T23:59:59Z
BILL-2026-00755,2026-04-11,AWS,ACCT-SHARED,Container Platform,us-east-1,res-shared-k8s-cluster-07,Shared-K8s-Node-Hours,479.49,USD,,,,,FINAL,2026-04-11T23:59:59Z
BILL-2026-00756,2026-04-25,AWS,ACCT-SHARED,Data Transfer,us-east-1,res-shared-gateway-07,Inter-Region-Data-GB,213.35,USD,,,,,FINAL,2026-04-25T23:59:59Z
BILL-2026-00757,2026-04-28,AWS,ACCT-SHARED,Container Platform,us-east-1,res-shared-k8s-cluster-08,Shared-K8s-Node-Hours,927.65,USD,,,,,FINAL,2026-04-28T23:59:59Z
BILL-2026-00758,2026-04-26,AWS,ACCT-SHARED,Data Transfer,us-east-1,res-shared-gateway-08,Inter-Region-Data-GB,226.01,USD,,,,,FINAL,2026-04-26T23:59:59Z
BILL-2026-00759,2026-04-18,AWS,ACCT-SHARED,Container Platform,us-east-1,res-shared-k8s-cluster-09,Shared-K8s-Node-Hours,441.52,USD,,,,,FINAL,2026-04-18T23:59:59Z
BILL-2026-00760,2026-04-26,AWS,ACCT-SHARED,Data Transfer,us-east-1,res-shared-gateway-09,Inter-Region-Data-GB,300.76,USD,,,,,FINAL,2026-04-26T23:59:59Z
BILL-2026-00761,2026-04-16,AWS,ACCT-SHARED,Container Platform,us-east-1,res-shared-k8s-cluster-10,Shared-K8s-Node-Hours,443.28,USD,,,,,FINAL,2026-04-16T23:59:59Z
BILL-2026-00762,2026-04-11,AWS,ACCT-SHARED,Data Transfer,us-east-1,res-shared-gateway-10,Inter-Region-Data-GB,203.19,USD,,,,,FINAL,2026-04-11T23:59:59Z
BILL-2026-00763,2026-04-16,AWS,ACCT-SHARED,Container Platform,us-east-1,res-shared-k8s-cluster-11,Shared-K8s-Node-Hours,477,USD,,,,,FINAL,2026-04-16T23:59:59Z
BILL-2026-00764,2026-04-28,AWS,ACCT-SHARED,Data Transfer,us-east-1,res-shared-gateway-11,Inter-Region-Data-GB,163.8,USD,,,,,FINAL,2026-04-28T23:59:59Z
BILL-2026-00765,2026-04-22,AWS,ACCT-SHARED,Container Platform,us-east-1,res-shared-k8s-cluster-12,Shared-K8s-Node-Hours,688.87,USD,,,,,FINAL,2026-04-22T23:59:59Z
BILL-2026-00766,2026-04-11,AWS,ACCT-SHARED,Data Transfer,us-east-1,res-shared-gateway-12,Inter-Region-Data-GB,123.73,USD,,,,,FINAL,2026-04-11T23:59:59Z
BILL-2026-00767,2026-04-11,AWS,ACCT-SHARED,Container Platform,us-east-1,res-shared-k8s-cluster-13,Shared-K8s-Node-Hours,750.08,USD,,,,,FINAL,2026-04-11T23:59:59Z
BILL-2026-00768,2026-04-22,AWS,ACCT-SHARED,Data Transfer,us-east-1,res-shared-gateway-13,Inter-Region-Data-GB,326.15,USD,,,,,FINAL,2026-04-22T23:59:59Z
BILL-2026-00769,2026-04-25,AWS,ACCT-SHARED,Container Platform,us-east-1,res-shared-k8s-cluster-14,Shared-K8s-Node-Hours,704.71,USD,,,,,FINAL,2026-04-25T23:59:59Z
BILL-2026-00770,2026-04-12,AWS,ACCT-SHARED,Data Transfer,us-east-1,res-shared-gateway-14,Inter-Region-Data-GB,372.32,USD,,,,,FINAL,2026-04-12T23:59:59Z
BILL-2026-00771,2026-04-23,AWS,ACCT-SHARED,Container Platform,us-east-1,res-shared-k8s-cluster-15,Shared-K8s-Node-Hours,732.81,USD,,,,,FINAL,2026-04-23T23:59:59Z
BILL-2026-00772,2026-04-27,AWS,ACCT-SHARED,Data Transfer,us-east-1,res-shared-gateway-15,Inter-Region-Data-GB,294.68,USD,,,,,FINAL,2026-04-27T23:59:59Z
BILL-2026-00773,2026-04-11,AWS,ACCT-SHARED,Serverless,us-east-1,res-orphan-serverless-001,Function-Invocations,136.52,USD,,,,,FINAL,2026-04-11T23:59:59Z
BILL-2026-00774,2026-04-17,AWS,ACCT-SHARED,Object Storage,us-west-2,res-conflict-storage-002,Standard-Storage-GB,576.56,USD,,,,,FINAL,2026-04-17T23:59:59Z
BILL-2026-00775,2026-04-12,AWS,ACCT-ANALYTICS,Compute,us-west-2,res-corrupt-prod-003,vCPU-Hours,1161.64,USD,env=prod;bu=Analytics;product=ClinicalData,Clinical Analytics Platform,Report Generation,Clinical Analytics,FINAL,2026-04-12T23:59:59Z
BILL-2026-00776,2026-04-17,AWS,ACCT-IMAGING,Compute,us-east-1,res-spike-imaging-gpu-004,GPU-Processing-Hours,1847.12,USD,,,,,FINAL,2026-04-17T23:59:59Z
BILL-2026-00777,2026-05-26,AWS,ACCT-IMAGING,Object Storage,us-east-1,res-img-storage-001,Standard-Storage-GB,816.65,USD,env=prod;bu=Radiology;product=Imaging,Medical Imaging Platform,Image Storage,Radiology,FINAL,2026-05-26T23:59:59Z
BILL-2026-DUP-001,2026-05-26,AWS,ACCT-IMAGING,Object Storage,us-east-1,res-img-storage-001,Standard-Storage-GB,816.65,USD,env=prod;bu=Radiology;product=Imaging,Medical Imaging Platform,Image Storage,Radiology,FINAL,2026-05-26T23:59:59Z
BILL-2026-00778,2026-05-15,AWS,ACCT-IMAGING,Compute,us-east-1,res-img-comp-001,vCPU-Hours,616.77,USD,,,,,FINAL,2026-05-15T23:59:59Z
BILL-2026-00779,2026-05-13,AWS,ACCT-IMAGING,Object Storage,us-east-1,res-img-storage-002,Standard-Storage-GB,596.76,USD,env=prod;bu=Radiology;product=Imaging,Medical Imaging Platform,Image Storage,Radiology,FINAL,2026-05-13T23:59:59Z
BILL-2026-00780,2026-05-22,AWS,ACCT-IMAGING,Compute,us-east-1,res-img-comp-002,vCPU-Hours,699.58,USD,,,,,FINAL,2026-05-22T23:59:59Z
BILL-2026-00781,2026-05-16,AWS,ACCT-IMAGING,Object Storage,us-east-1,res-img-storage-003,Standard-Storage-GB,517.63,USD,env=prod;bu=Radiology;product=Imaging,Medical Imaging Platform,Image Storage,Radiology,FINAL,2026-05-16T23:59:59Z
BILL-2026-00782,2026-05-10,AWS,ACCT-IMAGING,Compute,us-east-1,res-img-comp-003,vCPU-Hours,1368.39,USD,,,,,FINAL,2026-05-10T23:59:59Z
BILL-2026-00783,2026-05-13,AWS,ACCT-IMAGING,Object Storage,us-east-1,res-img-storage-004,Standard-Storage-GB,741.89,USD,env=prod;bu=Radiology;product=Imaging,Medical Imaging Platform,Image Storage,Radiology,FINAL,2026-05-13T23:59:59Z
BILL-2026-00784,2026-05-10,AWS,ACCT-IMAGING,Compute,us-east-1,res-img-comp-004,vCPU-Hours,1131.25,USD,,,,,FINAL,2026-05-10T23:59:59Z
BILL-2026-00785,2026-05-11,AWS,ACCT-IMAGING,Object Storage,us-east-1,res-img-storage-005,Standard-Storage-GB,375.72,USD,env=prod;bu=Radiology;product=Imaging,Medical Imaging Platform,Image Storage,Radiology,FINAL,2026-05-11T23:59:59Z
BILL-2026-00786,2026-05-10,AWS,ACCT-IMAGING,Compute,us-east-1,res-img-comp-005,vCPU-Hours,776.16,USD,,,,,FINAL,2026-05-10T23:59:59Z
BILL-2026-00787,2026-05-20,AWS,ACCT-IMAGING,Object Storage,us-east-1,res-img-storage-006,Standard-Storage-GB,256,USD,env=prod;bu=Radiology;product=Imaging,Medical Imaging Platform,Image Storage,Radiology,FINAL,2026-05-20T23:59:59Z
BILL-2026-00788,2026-05-15,AWS,ACCT-IMAGING,Compute,us-east-1,res-img-comp-006,vCPU-Hours,745.51,USD,,,,,FINAL,2026-05-15T23:59:59Z
BILL-2026-00789,2026-05-15,AWS,ACCT-IMAGING,Object Storage,us-east-1,res-img-storage-007,Standard-Storage-GB,442.67,USD,env=prod;bu=Radiology;product=Imaging,Medical Imaging Platform,Image Storage,Radiology,FINAL,2026-05-15T23:59:59Z
BILL-2026-00790,2026-05-23,AWS,ACCT-IMAGING,Compute,us-east-1,res-img-comp-007,vCPU-Hours,910.37,USD,,,,,FINAL,2026-05-23T23:59:59Z
BILL-2026-00791,2026-05-28,AWS,ACCT-IMAGING,Object Storage,us-east-1,res-img-storage-008,Standard-Storage-GB,607.13,USD,env=prod;bu=Radiology;product=Imaging,Medical Imaging Platform,Image Storage,Radiology,FINAL,2026-05-28T23:59:59Z
BILL-2026-00792,2026-05-26,AWS,ACCT-IMAGING,Compute,us-east-1,res-img-comp-008,vCPU-Hours,676.24,USD,,,,,FINAL,2026-05-26T23:59:59Z
BILL-2026-00793,2026-05-19,AWS,ACCT-IMAGING,Object Storage,us-east-1,res-img-storage-009,Standard-Storage-GB,352.52,USD,env=prod;bu=Radiology;product=Imaging,Medical Imaging Platform,Image Storage,Radiology,FINAL,2026-05-19T23:59:59Z
BILL-2026-00794,2026-05-22,AWS,ACCT-IMAGING,Compute,us-east-1,res-img-comp-009,vCPU-Hours,664.65,USD,,,,,FINAL,2026-05-22T23:59:59Z
BILL-2026-00795,2026-05-18,AWS,ACCT-IMAGING,Object Storage,us-east-1,res-img-storage-010,Standard-Storage-GB,606.59,USD,env=prod;bu=Radiology;product=Imaging,Medical Imaging Platform,Image Storage,Radiology,FINAL,2026-05-18T23:59:59Z
BILL-2026-00796,2026-05-14,AWS,ACCT-IMAGING,Compute,us-east-1,res-img-comp-010,vCPU-Hours,504.14,USD,,,,,FINAL,2026-05-14T23:59:59Z
BILL-2026-00797,2026-05-13,AWS,ACCT-IMAGING,Object Storage,us-east-1,res-img-storage-011,Standard-Storage-GB,533.8,USD,env=prod;bu=Radiology;product=Imaging,Medical Imaging Platform,Image Storage,Radiology,FINAL,2026-05-13T23:59:59Z
BILL-2026-00798,2026-05-23,AWS,ACCT-IMAGING,Compute,us-east-1,res-img-comp-011,vCPU-Hours,971.38,USD,,,,,FINAL,2026-05-23T23:59:59Z
BILL-2026-00799,2026-05-17,AWS,ACCT-IMAGING,Object Storage,us-east-1,res-img-storage-012,Standard-Storage-GB,373.82,USD,env=prod;bu=Radiology;product=Imaging,Medical Imaging Platform,Image Storage,Radiology,FINAL,2026-05-17T23:59:59Z
BILL-2026-00800,2026-05-27,AWS,ACCT-IMAGING,Compute,us-east-1,res-img-comp-012,vCPU-Hours,1345.75,USD,,,,,FINAL,2026-05-27T23:59:59Z
BILL-2026-00801,2026-05-16,AWS,ACCT-IMAGING,Object Storage,us-east-1,res-img-storage-013,Standard-Storage-GB,313.7,USD,env=prod;bu=Radiology;product=Imaging,Medical Imaging Platform,Image Storage,Radiology,FINAL,2026-05-16T23:59:59Z
BILL-2026-00802,2026-05-24,AWS,ACCT-IMAGING,Compute,us-east-1,res-img-comp-013,vCPU-Hours,688.8,USD,,,,,FINAL,2026-05-24T23:59:59Z
BILL-2026-00803,2026-05-13,AWS,ACCT-IMAGING,Object Storage,us-east-1,res-img-storage-014,Standard-Storage-GB,585.17,USD,env=prod;bu=Radiology;product=Imaging,Medical Imaging Platform,Image Storage,Radiology,FINAL,2026-05-13T23:59:59Z
BILL-2026-00804,2026-05-17,AWS,ACCT-IMAGING,Compute,us-east-1,res-img-comp-014,vCPU-Hours,1380.5,USD,,,,,FINAL,2026-05-17T23:59:59Z
BILL-2026-00805,2026-05-19,AWS,ACCT-IMAGING,Object Storage,us-east-1,res-img-storage-015,Standard-Storage-GB,669.18,USD,env=prod;bu=Radiology;product=Imaging,Medical Imaging Platform,Image Storage,Radiology,FINAL,2026-05-19T23:59:59Z
BILL-2026-00806,2026-05-15,AWS,ACCT-IMAGING,Compute,us-east-1,res-img-comp-015,vCPU-Hours,1243.69,USD,,,,,FINAL,2026-05-15T23:59:59Z
BILL-2026-00807,2026-05-16,AWS,ACCT-IMAGING,Object Storage,us-east-1,res-img-storage-016,Standard-Storage-GB,830.19,USD,env=prod;bu=Radiology;product=Imaging,Medical Imaging Platform,Image Storage,Radiology,FINAL,2026-05-16T23:59:59Z
BILL-2026-00808,2026-05-28,AWS,ACCT-IMAGING,Compute,us-east-1,res-img-comp-016,vCPU-Hours,977.06,USD,,,,,FINAL,2026-05-28T23:59:59Z
BILL-2026-00809,2026-05-17,AWS,ACCT-IMAGING,Object Storage,us-east-1,res-img-storage-017,Standard-Storage-GB,668.6,USD,env=prod;bu=Radiology;product=Imaging,Medical Imaging Platform,Image Storage,Radiology,FINAL,2026-05-17T23:59:59Z
BILL-2026-00810,2026-05-24,AWS,ACCT-IMAGING,Compute,us-east-1,res-img-comp-017,vCPU-Hours,549.9,USD,,,,,FINAL,2026-05-24T23:59:59Z
BILL-2026-00811,2026-05-27,AWS,ACCT-IMAGING,Object Storage,us-east-1,res-img-storage-018,Standard-Storage-GB,785.44,USD,env=prod;bu=Radiology;product=Imaging,Medical Imaging Platform,Image Storage,Radiology,FINAL,2026-05-27T23:59:59Z
BILL-2026-00812,2026-05-10,AWS,ACCT-IMAGING,Compute,us-east-1,res-img-comp-018,vCPU-Hours,908.2,USD,,,,,FINAL,2026-05-10T23:59:59Z
BILL-2026-00813,2026-05-19,AWS,ACCT-IMAGING,Object Storage,us-east-1,res-img-storage-019,Standard-Storage-GB,363.07,USD,env=prod;bu=Radiology;product=Imaging,Medical Imaging Platform,Image Storage,Radiology,FINAL,2026-05-19T23:59:59Z
BILL-2026-00814,2026-05-11,AWS,ACCT-IMAGING,Compute,us-east-1,res-img-comp-019,vCPU-Hours,540.61,USD,,,,,FINAL,2026-05-11T23:59:59Z
BILL-2026-00815,2026-05-26,AWS,ACCT-IMAGING,Object Storage,us-east-1,res-img-storage-020,Standard-Storage-GB,335.78,USD,env=prod;bu=Radiology;product=Imaging,Medical Imaging Platform,Image Storage,Radiology,FINAL,2026-05-26T23:59:59Z
BILL-2026-00816,2026-05-11,AWS,ACCT-IMAGING,Compute,us-east-1,res-img-comp-020,vCPU-Hours,647.3,USD,,,,,FINAL,2026-05-11T23:59:59Z
BILL-2026-00817,2026-05-20,AWS,ACCT-IMAGING,Object Storage,us-east-1,res-img-storage-021,Standard-Storage-GB,420.02,USD,env=prod;bu=Radiology;product=Imaging,Medical Imaging Platform,Image Storage,Radiology,FINAL,2026-05-20T23:59:59Z
BILL-2026-00818,2026-05-16,AWS,ACCT-IMAGING,Compute,us-east-1,res-img-comp-021,vCPU-Hours,1395.29,USD,,,,,FINAL,2026-05-16T23:59:59Z
BILL-2026-00819,2026-05-10,AWS,ACCT-IMAGING,Object Storage,us-east-1,res-img-storage-022,Standard-Storage-GB,383.95,USD,env=prod;bu=Radiology;product=Imaging,Medical Imaging Platform,Image Storage,Radiology,FINAL,2026-05-10T23:59:59Z
BILL-2026-00820,2026-05-17,AWS,ACCT-IMAGING,Compute,us-east-1,res-img-comp-022,vCPU-Hours,804.9,USD,,,,,FINAL,2026-05-17T23:59:59Z
BILL-2026-00821,2026-05-20,AWS,ACCT-IMAGING,Object Storage,us-east-1,res-img-storage-023,Standard-Storage-GB,732.57,USD,env=prod;bu=Radiology;product=Imaging,Medical Imaging Platform,Image Storage,Radiology,FINAL,2026-05-20T23:59:59Z
BILL-2026-00822,2026-05-26,AWS,ACCT-IMAGING,Compute,us-east-1,res-img-comp-023,vCPU-Hours,509.99,USD,,,,,FINAL,2026-05-26T23:59:59Z
BILL-2026-00823,2026-05-17,AWS,ACCT-IMAGING,Object Storage,us-east-1,res-img-storage-024,Standard-Storage-GB,563.27,USD,env=prod;bu=Radiology;product=Imaging,Medical Imaging Platform,Image Storage,Radiology,FINAL,2026-05-17T23:59:59Z
BILL-2026-00824,2026-05-11,AWS,ACCT-IMAGING,Compute,us-east-1,res-img-comp-024,vCPU-Hours,1278.24,USD,,,,,FINAL,2026-05-11T23:59:59Z
BILL-2026-00825,2026-05-21,AWS,ACCT-IMAGING,Object Storage,us-east-1,res-img-storage-025,Standard-Storage-GB,704.66,USD,env=prod;bu=Radiology;product=Imaging,Medical Imaging Platform,Image Storage,Radiology,FINAL,2026-05-21T23:59:59Z
BILL-2026-00826,2026-05-21,AWS,ACCT-IMAGING,Compute,us-east-1,res-img-comp-025,vCPU-Hours,623.59,USD,,,,,FINAL,2026-05-21T23:59:59Z
BILL-2026-00827,2026-05-26,AWS,ACCT-PORTAL,Container Platform,us-east-2,res-portal-app-001,Container-Hours,830.05,USD,env=prod;bu=PatientPortal;product=Portal,Patient Portal,Appointment Management,Patient Portal,FINAL,2026-05-26T23:59:59Z
BILL-2026-00828,2026-05-24,AWS,ACCT-PORTAL,Database,us-east-2,res-portal-db-001,IOPS-and-Storage,922.53,USD,,,,,FINAL,2026-05-24T23:59:59Z
BILL-2026-00829,2026-05-19,AWS,ACCT-PORTAL,Container Platform,us-east-2,res-portal-app-002,Container-Hours,362.14,USD,env=prod;bu=PatientPortal;product=Portal,Patient Portal,Appointment Management,Patient Portal,FINAL,2026-05-19T23:59:59Z
BILL-2026-00830,2026-05-26,AWS,ACCT-PORTAL,Database,us-east-2,res-portal-db-002,IOPS-and-Storage,1033.36,USD,,,,,FINAL,2026-05-26T23:59:59Z
BILL-2026-00831,2026-05-15,AWS,ACCT-PORTAL,Container Platform,us-east-2,res-portal-app-003,Container-Hours,797.17,USD,env=prod;bu=PatientPortal;product=Portal,Patient Portal,Appointment Management,Patient Portal,FINAL,2026-05-15T23:59:59Z
BILL-2026-00832,2026-05-22,AWS,ACCT-PORTAL,Database,us-east-2,res-portal-db-003,IOPS-and-Storage,380.65,USD,,,,,FINAL,2026-05-22T23:59:59Z
BILL-2026-00833,2026-05-27,AWS,ACCT-PORTAL,Container Platform,us-east-2,res-portal-app-004,Container-Hours,473.45,USD,env=prod;bu=PatientPortal;product=Portal,Patient Portal,Appointment Management,Patient Portal,FINAL,2026-05-27T23:59:59Z
BILL-2026-00834,2026-05-24,AWS,ACCT-PORTAL,Database,us-east-2,res-portal-db-004,IOPS-and-Storage,966.65,USD,,,,,FINAL,2026-05-24T23:59:59Z
BILL-2026-00835,2026-05-27,AWS,ACCT-PORTAL,Container Platform,us-east-2,res-portal-app-005,Container-Hours,809.33,USD,env=prod;bu=PatientPortal;product=Portal,Patient Portal,Appointment Management,Patient Portal,FINAL,2026-05-27T23:59:59Z
BILL-2026-00836,2026-05-15,AWS,ACCT-PORTAL,Database,us-east-2,res-portal-db-005,IOPS-and-Storage,1017.81,USD,,,,,FINAL,2026-05-15T23:59:59Z
BILL-2026-00837,2026-05-23,AWS,ACCT-PORTAL,Container Platform,us-east-2,res-portal-app-006,Container-Hours,910.35,USD,env=prod;bu=PatientPortal;product=Portal,Patient Portal,Appointment Management,Patient Portal,FINAL,2026-05-23T23:59:59Z
BILL-2026-00838,2026-05-21,AWS,ACCT-PORTAL,Database,us-east-2,res-portal-db-006,IOPS-and-Storage,391.52,USD,,,,,FINAL,2026-05-21T23:59:59Z
BILL-2026-00839,2026-05-16,AWS,ACCT-PORTAL,Container Platform,us-east-2,res-portal-app-007,Container-Hours,899.41,USD,env=prod;bu=PatientPortal;product=Portal,Patient Portal,Appointment Management,Patient Portal,FINAL,2026-05-16T23:59:59Z
BILL-2026-00840,2026-05-22,AWS,ACCT-PORTAL,Database,us-east-2,res-portal-db-007,IOPS-and-Storage,507.56,USD,,,,,FINAL,2026-05-22T23:59:59Z
BILL-2026-00841,2026-05-28,AWS,ACCT-PORTAL,Container Platform,us-east-2,res-portal-app-008,Container-Hours,512.04,USD,env=prod;bu=PatientPortal;product=Portal,Patient Portal,Appointment Management,Patient Portal,FINAL,2026-05-28T23:59:59Z
BILL-2026-00842,2026-05-16,AWS,ACCT-PORTAL,Database,us-east-2,res-portal-db-008,IOPS-and-Storage,324.67,USD,,,,,FINAL,2026-05-16T23:59:59Z
BILL-2026-00843,2026-05-25,AWS,ACCT-PORTAL,Container Platform,us-east-2,res-portal-app-009,Container-Hours,580.71,USD,env=prod;bu=PatientPortal;product=Portal,Patient Portal,Appointment Management,Patient Portal,FINAL,2026-05-25T23:59:59Z
BILL-2026-00844,2026-05-21,AWS,ACCT-PORTAL,Database,us-east-2,res-portal-db-009,IOPS-and-Storage,454.66,USD,,,,,FINAL,2026-05-21T23:59:59Z
BILL-2026-00845,2026-05-20,AWS,ACCT-PORTAL,Container Platform,us-east-2,res-portal-app-010,Container-Hours,610.62,USD,env=prod;bu=PatientPortal;product=Portal,Patient Portal,Appointment Management,Patient Portal,FINAL,2026-05-20T23:59:59Z
BILL-2026-00846,2026-05-27,AWS,ACCT-PORTAL,Database,us-east-2,res-portal-db-010,IOPS-and-Storage,304.15,USD,,,,,FINAL,2026-05-27T23:59:59Z
BILL-2026-00847,2026-05-25,AWS,ACCT-PORTAL,Container Platform,us-east-2,res-portal-app-011,Container-Hours,459.93,USD,env=prod;bu=PatientPortal;product=Portal,Patient Portal,Appointment Management,Patient Portal,FINAL,2026-05-25T23:59:59Z
BILL-2026-00848,2026-05-19,AWS,ACCT-PORTAL,Database,us-east-2,res-portal-db-011,IOPS-and-Storage,449.81,USD,,,,,FINAL,2026-05-19T23:59:59Z
BILL-2026-00849,2026-05-25,AWS,ACCT-PORTAL,Container Platform,us-east-2,res-portal-app-012,Container-Hours,645.43,USD,env=prod;bu=PatientPortal;product=Portal,Patient Portal,Appointment Management,Patient Portal,FINAL,2026-05-25T23:59:59Z
BILL-2026-00850,2026-05-26,AWS,ACCT-PORTAL,Database,us-east-2,res-portal-db-012,IOPS-and-Storage,744.59,USD,,,,,FINAL,2026-05-26T23:59:59Z
BILL-2026-00851,2026-05-16,AWS,ACCT-PORTAL,Container Platform,us-east-2,res-portal-app-013,Container-Hours,781.93,USD,env=prod;bu=PatientPortal;product=Portal,Patient Portal,Appointment Management,Patient Portal,FINAL,2026-05-16T23:59:59Z
BILL-2026-00852,2026-05-12,AWS,ACCT-PORTAL,Database,us-east-2,res-portal-db-013,IOPS-and-Storage,323.92,USD,,,,,FINAL,2026-05-12T23:59:59Z
BILL-2026-00853,2026-05-26,AWS,ACCT-PORTAL,Container Platform,us-east-2,res-portal-app-014,Container-Hours,452.01,USD,env=prod;bu=PatientPortal;product=Portal,Patient Portal,Appointment Management,Patient Portal,FINAL,2026-05-26T23:59:59Z
BILL-2026-00854,2026-05-14,AWS,ACCT-PORTAL,Database,us-east-2,res-portal-db-014,IOPS-and-Storage,906.81,USD,,,,,FINAL,2026-05-14T23:59:59Z
BILL-2026-00855,2026-05-13,AWS,ACCT-PORTAL,Container Platform,us-east-2,res-portal-app-015,Container-Hours,565.13,USD,env=prod;bu=PatientPortal;product=Portal,Patient Portal,Appointment Management,Patient Portal,FINAL,2026-05-13T23:59:59Z
BILL-2026-00856,2026-05-23,AWS,ACCT-PORTAL,Database,us-east-2,res-portal-db-015,IOPS-and-Storage,402.21,USD,,,,,FINAL,2026-05-23T23:59:59Z
BILL-2026-00857,2026-05-25,AWS,ACCT-PORTAL,Container Platform,us-east-2,res-portal-app-016,Container-Hours,861.53,USD,env=prod;bu=PatientPortal;product=Portal,Patient Portal,Appointment Management,Patient Portal,FINAL,2026-05-25T23:59:59Z
BILL-2026-00858,2026-05-11,AWS,ACCT-PORTAL,Database,us-east-2,res-portal-db-016,IOPS-and-Storage,596.6,USD,,,,,FINAL,2026-05-11T23:59:59Z
BILL-2026-00859,2026-05-18,AWS,ACCT-PORTAL,Container Platform,us-east-2,res-portal-app-017,Container-Hours,659.55,USD,env=prod;bu=PatientPortal;product=Portal,Patient Portal,Appointment Management,Patient Portal,FINAL,2026-05-18T23:59:59Z
BILL-2026-00860,2026-05-28,AWS,ACCT-PORTAL,Database,us-east-2,res-portal-db-017,IOPS-and-Storage,570.78,USD,,,,,FINAL,2026-05-28T23:59:59Z
BILL-2026-00861,2026-05-17,AWS,ACCT-PORTAL,Container Platform,us-east-2,res-portal-app-018,Container-Hours,360.14,USD,env=prod;bu=PatientPortal;product=Portal,Patient Portal,Appointment Management,Patient Portal,FINAL,2026-05-17T23:59:59Z
BILL-2026-00862,2026-05-23,AWS,ACCT-PORTAL,Database,us-east-2,res-portal-db-018,IOPS-and-Storage,1069.17,USD,,,,,FINAL,2026-05-23T23:59:59Z
BILL-2026-00863,2026-05-18,AWS,ACCT-PORTAL,Container Platform,us-east-2,res-portal-app-019,Container-Hours,452.4,USD,env=prod;bu=PatientPortal;product=Portal,Patient Portal,Appointment Management,Patient Portal,FINAL,2026-05-18T23:59:59Z
BILL-2026-00864,2026-05-10,AWS,ACCT-PORTAL,Database,us-east-2,res-portal-db-019,IOPS-and-Storage,363.11,USD,,,,,FINAL,2026-05-10T23:59:59Z
BILL-2026-00865,2026-05-27,AWS,ACCT-PORTAL,Container Platform,us-east-2,res-portal-app-020,Container-Hours,835.19,USD,env=prod;bu=PatientPortal;product=Portal,Patient Portal,Appointment Management,Patient Portal,FINAL,2026-05-27T23:59:59Z
BILL-2026-00866,2026-05-13,AWS,ACCT-PORTAL,Database,us-east-2,res-portal-db-020,IOPS-and-Storage,523.51,USD,,,,,FINAL,2026-05-13T23:59:59Z
BILL-2026-00867,2026-05-26,AWS,ACCT-ANALYTICS,Compute,us-west-2,res-analytics-node-001,Memory-Optimized-Hours,1345.6,USD,env=prod;bu=Analytics;product=ClinicalData,Clinical Analytics Platform,Report Generation,Clinical Analytics,FINAL,2026-05-26T23:59:59Z
BILL-2026-00868,2026-05-20,AWS,ACCT-ANALYTICS,Database,us-west-2,res-analytics-db-001,Warehouse-Compute-Credits,673.31,USD,,,,,FINAL,2026-05-20T23:59:59Z
BILL-2026-00869,2026-05-14,AWS,ACCT-ANALYTICS,Compute,us-west-2,res-analytics-node-002,Memory-Optimized-Hours,1046.29,USD,env=prod;bu=Analytics;product=ClinicalData,Clinical Analytics Platform,Report Generation,Clinical Analytics,FINAL,2026-05-14T23:59:59Z
BILL-2026-00870,2026-05-28,AWS,ACCT-ANALYTICS,Database,us-west-2,res-analytics-db-002,Warehouse-Compute-Credits,996.62,USD,,,,,FINAL,2026-05-28T23:59:59Z
BILL-2026-00871,2026-05-23,AWS,ACCT-ANALYTICS,Compute,us-west-2,res-analytics-node-003,Memory-Optimized-Hours,1003.93,USD,env=prod;bu=Analytics;product=ClinicalData,Clinical Analytics Platform,Report Generation,Clinical Analytics,FINAL,2026-05-23T23:59:59Z
BILL-2026-00872,2026-05-28,AWS,ACCT-ANALYTICS,Database,us-west-2,res-analytics-db-003,Warehouse-Compute-Credits,344.37,USD,,,,,FINAL,2026-05-28T23:59:59Z
BILL-2026-00873,2026-05-28,AWS,ACCT-ANALYTICS,Compute,us-west-2,res-analytics-node-004,Memory-Optimized-Hours,609.38,USD,env=prod;bu=Analytics;product=ClinicalData,Clinical Analytics Platform,Report Generation,Clinical Analytics,FINAL,2026-05-28T23:59:59Z
BILL-2026-00874,2026-05-26,AWS,ACCT-ANALYTICS,Database,us-west-2,res-analytics-db-004,Warehouse-Compute-Credits,1019.2,USD,,,,,FINAL,2026-05-26T23:59:59Z
BILL-2026-00875,2026-05-27,AWS,ACCT-ANALYTICS,Compute,us-west-2,res-analytics-node-005,Memory-Optimized-Hours,908.65,USD,env=prod;bu=Analytics;product=ClinicalData,Clinical Analytics Platform,Report Generation,Clinical Analytics,FINAL,2026-05-27T23:59:59Z
BILL-2026-00876,2026-05-22,AWS,ACCT-ANALYTICS,Database,us-west-2,res-analytics-db-005,Warehouse-Compute-Credits,457.94,USD,,,,,FINAL,2026-05-22T23:59:59Z
BILL-2026-00877,2026-05-12,AWS,ACCT-ANALYTICS,Compute,us-west-2,res-analytics-node-006,Memory-Optimized-Hours,958.18,USD,env=prod;bu=Analytics;product=ClinicalData,Clinical Analytics Platform,Report Generation,Clinical Analytics,FINAL,2026-05-12T23:59:59Z
BILL-2026-00878,2026-05-18,AWS,ACCT-ANALYTICS,Database,us-west-2,res-analytics-db-006,Warehouse-Compute-Credits,792.07,USD,,,,,FINAL,2026-05-18T23:59:59Z
BILL-2026-00879,2026-05-14,AWS,ACCT-ANALYTICS,Compute,us-west-2,res-analytics-node-007,Memory-Optimized-Hours,982.11,USD,env=prod;bu=Analytics;product=ClinicalData,Clinical Analytics Platform,Report Generation,Clinical Analytics,FINAL,2026-05-14T23:59:59Z
BILL-2026-00880,2026-05-16,AWS,ACCT-ANALYTICS,Database,us-west-2,res-analytics-db-007,Warehouse-Compute-Credits,613.53,USD,,,,,FINAL,2026-05-16T23:59:59Z
BILL-2026-00881,2026-05-23,AWS,ACCT-ANALYTICS,Compute,us-west-2,res-analytics-node-008,Memory-Optimized-Hours,559.43,USD,env=prod;bu=Analytics;product=ClinicalData,Clinical Analytics Platform,Report Generation,Clinical Analytics,FINAL,2026-05-23T23:59:59Z
BILL-2026-00882,2026-05-26,AWS,ACCT-ANALYTICS,Database,us-west-2,res-analytics-db-008,Warehouse-Compute-Credits,659.91,USD,,,,,FINAL,2026-05-26T23:59:59Z
BILL-2026-00883,2026-05-24,AWS,ACCT-ANALYTICS,Compute,us-west-2,res-analytics-node-009,Memory-Optimized-Hours,424.6,USD,env=prod;bu=Analytics;product=ClinicalData,Clinical Analytics Platform,Report Generation,Clinical Analytics,FINAL,2026-05-24T23:59:59Z
BILL-2026-00884,2026-05-11,AWS,ACCT-ANALYTICS,Database,us-west-2,res-analytics-db-009,Warehouse-Compute-Credits,597.73,USD,,,,,FINAL,2026-05-11T23:59:59Z
BILL-2026-00885,2026-05-24,AWS,ACCT-ANALYTICS,Compute,us-west-2,res-analytics-node-010,Memory-Optimized-Hours,1314.39,USD,env=prod;bu=Analytics;product=ClinicalData,Clinical Analytics Platform,Report Generation,Clinical Analytics,FINAL,2026-05-24T23:59:59Z
BILL-2026-00886,2026-05-16,AWS,ACCT-ANALYTICS,Database,us-west-2,res-analytics-db-010,Warehouse-Compute-Credits,828.31,USD,,,,,FINAL,2026-05-16T23:59:59Z
BILL-2026-00887,2026-05-18,AWS,ACCT-ANALYTICS,Compute,us-west-2,res-analytics-node-011,Memory-Optimized-Hours,826.95,USD,env=prod;bu=Analytics;product=ClinicalData,Clinical Analytics Platform,Report Generation,Clinical Analytics,FINAL,2026-05-18T23:59:59Z
BILL-2026-00888,2026-05-21,AWS,ACCT-ANALYTICS,Database,us-west-2,res-analytics-db-011,Warehouse-Compute-Credits,659.52,USD,,,,,FINAL,2026-05-21T23:59:59Z
BILL-2026-00889,2026-05-24,AWS,ACCT-ANALYTICS,Compute,us-west-2,res-analytics-node-012,Memory-Optimized-Hours,1292.81,USD,env=prod;bu=Analytics;product=ClinicalData,Clinical Analytics Platform,Report Generation,Clinical Analytics,FINAL,2026-05-24T23:59:59Z
BILL-2026-00890,2026-05-15,AWS,ACCT-ANALYTICS,Database,us-west-2,res-analytics-db-012,Warehouse-Compute-Credits,323.64,USD,,,,,FINAL,2026-05-15T23:59:59Z
BILL-2026-00891,2026-05-19,AWS,ACCT-ANALYTICS,Compute,us-west-2,res-analytics-node-013,Memory-Optimized-Hours,1121.98,USD,env=prod;bu=Analytics;product=ClinicalData,Clinical Analytics Platform,Report Generation,Clinical Analytics,FINAL,2026-05-19T23:59:59Z
BILL-2026-00892,2026-05-17,AWS,ACCT-ANALYTICS,Database,us-west-2,res-analytics-db-013,Warehouse-Compute-Credits,938.07,USD,,,,,FINAL,2026-05-17T23:59:59Z
BILL-2026-00893,2026-05-23,AWS,ACCT-ANALYTICS,Compute,us-west-2,res-analytics-node-014,Memory-Optimized-Hours,962.53,USD,env=prod;bu=Analytics;product=ClinicalData,Clinical Analytics Platform,Report Generation,Clinical Analytics,FINAL,2026-05-23T23:59:59Z
BILL-2026-00894,2026-05-11,AWS,ACCT-ANALYTICS,Database,us-west-2,res-analytics-db-014,Warehouse-Compute-Credits,616.91,USD,,,,,FINAL,2026-05-11T23:59:59Z
BILL-2026-00895,2026-05-18,AWS,ACCT-ANALYTICS,Compute,us-west-2,res-analytics-node-015,Memory-Optimized-Hours,1197.43,USD,env=prod;bu=Analytics;product=ClinicalData,Clinical Analytics Platform,Report Generation,Clinical Analytics,FINAL,2026-05-18T23:59:59Z
BILL-2026-00896,2026-05-24,AWS,ACCT-ANALYTICS,Database,us-west-2,res-analytics-db-015,Warehouse-Compute-Credits,650.87,USD,,,,,FINAL,2026-05-24T23:59:59Z
BILL-2026-00897,2026-05-21,AWS,ACCT-ANALYTICS,Compute,us-west-2,res-analytics-node-016,Memory-Optimized-Hours,1143.93,USD,env=prod;bu=Analytics;product=ClinicalData,Clinical Analytics Platform,Report Generation,Clinical Analytics,FINAL,2026-05-21T23:59:59Z
BILL-2026-00898,2026-05-25,AWS,ACCT-ANALYTICS,Database,us-west-2,res-analytics-db-016,Warehouse-Compute-Credits,600.92,USD,,,,,FINAL,2026-05-25T23:59:59Z
BILL-2026-00899,2026-05-15,AWS,ACCT-ANALYTICS,Compute,us-west-2,res-analytics-node-017,Memory-Optimized-Hours,856.66,USD,env=prod;bu=Analytics;product=ClinicalData,Clinical Analytics Platform,Report Generation,Clinical Analytics,FINAL,2026-05-15T23:59:59Z
BILL-2026-00900,2026-05-25,AWS,ACCT-ANALYTICS,Database,us-west-2,res-analytics-db-017,Warehouse-Compute-Credits,1081.97,USD,,,,,FINAL,2026-05-25T23:59:59Z
BILL-2026-00901,2026-05-15,AWS,ACCT-ANALYTICS,Compute,us-west-2,res-analytics-node-018,Memory-Optimized-Hours,1041.84,USD,env=prod;bu=Analytics;product=ClinicalData,Clinical Analytics Platform,Report Generation,Clinical Analytics,FINAL,2026-05-15T23:59:59Z
BILL-2026-00902,2026-05-15,AWS,ACCT-ANALYTICS,Database,us-west-2,res-analytics-db-018,Warehouse-Compute-Credits,382.07,USD,,,,,FINAL,2026-05-15T23:59:59Z
BILL-2026-00903,2026-05-19,AWS,ACCT-ANALYTICS,Compute,us-west-2,res-analytics-node-019,Memory-Optimized-Hours,1072.24,USD,env=prod;bu=Analytics;product=ClinicalData,Clinical Analytics Platform,Report Generation,Clinical Analytics,FINAL,2026-05-19T23:59:59Z
BILL-2026-00904,2026-05-17,AWS,ACCT-ANALYTICS,Database,us-west-2,res-analytics-db-019,Warehouse-Compute-Credits,533.1,USD,,,,,FINAL,2026-05-17T23:59:59Z
BILL-2026-00905,2026-05-28,AWS,ACCT-ANALYTICS,Compute,us-west-2,res-analytics-node-020,Memory-Optimized-Hours,476.38,USD,env=prod;bu=Analytics;product=ClinicalData,Clinical Analytics Platform,Report Generation,Clinical Analytics,FINAL,2026-05-28T23:59:59Z
BILL-2026-00906,2026-05-15,AWS,ACCT-ANALYTICS,Database,us-west-2,res-analytics-db-020,Warehouse-Compute-Credits,328.83,USD,,,,,FINAL,2026-05-15T23:59:59Z
BILL-2026-00907,2026-05-11,AWS,ACCT-BACKUP,Backup,us-east-1,res-backup-vault-001,Archive-Storage-GB,575,USD,,,,,FINAL,2026-05-11T23:59:59Z
BILL-2026-00908,2026-05-19,AWS,ACCT-LOGGING,Logging,us-east-1,res-log-ingest-001,Log-Ingested-GB,356.6,USD,,,,,FINAL,2026-05-19T23:59:59Z
BILL-2026-00909,2026-05-16,AWS,ACCT-BACKUP,Backup,us-east-1,res-backup-vault-002,Archive-Storage-GB,305.49,USD,,,,,FINAL,2026-05-16T23:59:59Z
BILL-2026-00910,2026-05-19,AWS,ACCT-LOGGING,Logging,us-east-1,res-log-ingest-002,Log-Ingested-GB,426.9,USD,,,,,FINAL,2026-05-19T23:59:59Z
BILL-2026-00911,2026-05-23,AWS,ACCT-BACKUP,Backup,us-east-1,res-backup-vault-003,Archive-Storage-GB,567.85,USD,,,,,FINAL,2026-05-23T23:59:59Z
BILL-2026-00912,2026-05-26,AWS,ACCT-LOGGING,Logging,us-east-1,res-log-ingest-003,Log-Ingested-GB,324.92,USD,,,,,FINAL,2026-05-26T23:59:59Z
BILL-2026-00913,2026-05-19,AWS,ACCT-BACKUP,Backup,us-east-1,res-backup-vault-004,Archive-Storage-GB,406.2,USD,,,,,FINAL,2026-05-19T23:59:59Z
BILL-2026-00914,2026-05-19,AWS,ACCT-LOGGING,Logging,us-east-1,res-log-ingest-004,Log-Ingested-GB,396.95,USD,,,,,FINAL,2026-05-19T23:59:59Z
BILL-2026-00915,2026-05-15,AWS,ACCT-BACKUP,Backup,us-east-1,res-backup-vault-005,Archive-Storage-GB,360.13,USD,,,,,FINAL,2026-05-15T23:59:59Z
BILL-2026-00916,2026-05-23,AWS,ACCT-LOGGING,Logging,us-east-1,res-log-ingest-005,Log-Ingested-GB,165.43,USD,,,,,FINAL,2026-05-23T23:59:59Z
BILL-2026-00917,2026-05-14,AWS,ACCT-BACKUP,Backup,us-east-1,res-backup-vault-006,Archive-Storage-GB,455.61,USD,,,,,FINAL,2026-05-14T23:59:59Z
BILL-2026-00918,2026-05-17,AWS,ACCT-LOGGING,Logging,us-east-1,res-log-ingest-006,Log-Ingested-GB,471.3,USD,,,,,FINAL,2026-05-17T23:59:59Z
BILL-2026-00919,2026-05-20,AWS,ACCT-BACKUP,Backup,us-east-1,res-backup-vault-007,Archive-Storage-GB,577.92,USD,,,,,FINAL,2026-05-20T23:59:59Z
BILL-2026-00920,2026-05-18,AWS,ACCT-LOGGING,Logging,us-east-1,res-log-ingest-007,Log-Ingested-GB,311.26,USD,,,,,FINAL,2026-05-18T23:59:59Z
BILL-2026-00921,2026-05-23,AWS,ACCT-BACKUP,Backup,us-east-1,res-backup-vault-008,Archive-Storage-GB,508.56,USD,,,,,FINAL,2026-05-23T23:59:59Z
BILL-2026-00922,2026-05-17,AWS,ACCT-LOGGING,Logging,us-east-1,res-log-ingest-008,Log-Ingested-GB,450.59,USD,,,,,FINAL,2026-05-17T23:59:59Z
BILL-2026-00923,2026-05-25,AWS,ACCT-BACKUP,Backup,us-east-1,res-backup-vault-009,Archive-Storage-GB,421.72,USD,,,,,FINAL,2026-05-25T23:59:59Z
BILL-2026-00924,2026-05-23,AWS,ACCT-LOGGING,Logging,us-east-1,res-log-ingest-009,Log-Ingested-GB,161.73,USD,,,,,FINAL,2026-05-23T23:59:59Z
BILL-2026-00925,2026-05-18,AWS,ACCT-BACKUP,Backup,us-east-1,res-backup-vault-010,Archive-Storage-GB,383.31,USD,,,,,FINAL,2026-05-18T23:59:59Z
BILL-2026-00926,2026-05-19,AWS,ACCT-LOGGING,Logging,us-east-1,res-log-ingest-010,Log-Ingested-GB,242.49,USD,,,,,FINAL,2026-05-19T23:59:59Z
BILL-2026-00927,2026-05-21,AWS,ACCT-BACKUP,Backup,us-east-1,res-backup-vault-011,Archive-Storage-GB,434.71,USD,,,,,FINAL,2026-05-21T23:59:59Z
BILL-2026-00928,2026-05-27,AWS,ACCT-LOGGING,Logging,us-east-1,res-log-ingest-011,Log-Ingested-GB,486.2,USD,,,,,FINAL,2026-05-27T23:59:59Z
BILL-2026-00929,2026-05-19,AWS,ACCT-BACKUP,Backup,us-east-1,res-backup-vault-012,Archive-Storage-GB,511.33,USD,,,,,FINAL,2026-05-19T23:59:59Z
BILL-2026-00930,2026-05-16,AWS,ACCT-LOGGING,Logging,us-east-1,res-log-ingest-012,Log-Ingested-GB,462.67,USD,,,,,FINAL,2026-05-16T23:59:59Z
BILL-2026-00931,2026-05-10,AWS,ACCT-BACKUP,Backup,us-east-1,res-backup-vault-013,Archive-Storage-GB,186.15,USD,,,,,FINAL,2026-05-10T23:59:59Z
BILL-2026-00932,2026-05-27,AWS,ACCT-LOGGING,Logging,us-east-1,res-log-ingest-013,Log-Ingested-GB,395.36,USD,,,,,FINAL,2026-05-27T23:59:59Z
BILL-2026-00933,2026-05-12,AWS,ACCT-BACKUP,Backup,us-east-1,res-backup-vault-014,Archive-Storage-GB,308.69,USD,,,,,FINAL,2026-05-12T23:59:59Z
BILL-2026-00934,2026-05-12,AWS,ACCT-LOGGING,Logging,us-east-1,res-log-ingest-014,Log-Ingested-GB,229.48,USD,,,,,FINAL,2026-05-12T23:59:59Z
BILL-2026-00935,2026-05-23,AWS,ACCT-BACKUP,Backup,us-east-1,res-backup-vault-015,Archive-Storage-GB,303.74,USD,,,,,FINAL,2026-05-23T23:59:59Z
BILL-2026-00936,2026-05-10,AWS,ACCT-LOGGING,Logging,us-east-1,res-log-ingest-015,Log-Ingested-GB,222.96,USD,,,,,FINAL,2026-05-10T23:59:59Z
BILL-2026-00937,2026-05-19,AWS,ACCT-SHARED,Container Platform,us-east-1,res-shared-k8s-cluster-01,Shared-K8s-Node-Hours,558.43,USD,,,,,FINAL,2026-05-19T23:59:59Z
BILL-2026-00938,2026-05-13,AWS,ACCT-SHARED,Data Transfer,us-east-1,res-shared-gateway-01,Inter-Region-Data-GB,398.17,USD,,,,,FINAL,2026-05-13T23:59:59Z
BILL-2026-00939,2026-05-21,AWS,ACCT-SHARED,Container Platform,us-east-1,res-shared-k8s-cluster-02,Shared-K8s-Node-Hours,674.81,USD,,,,,FINAL,2026-05-21T23:59:59Z
BILL-2026-00940,2026-05-24,AWS,ACCT-SHARED,Data Transfer,us-east-1,res-shared-gateway-02,Inter-Region-Data-GB,370.15,USD,,,,,FINAL,2026-05-24T23:59:59Z
BILL-2026-00941,2026-05-16,AWS,ACCT-SHARED,Container Platform,us-east-1,res-shared-k8s-cluster-03,Shared-K8s-Node-Hours,817.08,USD,,,,,FINAL,2026-05-16T23:59:59Z
BILL-2026-00942,2026-05-25,AWS,ACCT-SHARED,Data Transfer,us-east-1,res-shared-gateway-03,Inter-Region-Data-GB,368.56,USD,,,,,FINAL,2026-05-25T23:59:59Z
BILL-2026-00943,2026-05-11,AWS,ACCT-SHARED,Container Platform,us-east-1,res-shared-k8s-cluster-04,Shared-K8s-Node-Hours,731.03,USD,,,,,FINAL,2026-05-11T23:59:59Z
BILL-2026-00944,2026-05-28,AWS,ACCT-SHARED,Data Transfer,us-east-1,res-shared-gateway-04,Inter-Region-Data-GB,272.44,USD,,,,,FINAL,2026-05-28T23:59:59Z
BILL-2026-00945,2026-05-13,AWS,ACCT-SHARED,Container Platform,us-east-1,res-shared-k8s-cluster-05,Shared-K8s-Node-Hours,373.44,USD,,,,,FINAL,2026-05-13T23:59:59Z
BILL-2026-00946,2026-05-20,AWS,ACCT-SHARED,Data Transfer,us-east-1,res-shared-gateway-05,Inter-Region-Data-GB,189.33,USD,,,,,FINAL,2026-05-20T23:59:59Z
BILL-2026-00947,2026-05-15,AWS,ACCT-SHARED,Container Platform,us-east-1,res-shared-k8s-cluster-06,Shared-K8s-Node-Hours,493.12,USD,,,,,FINAL,2026-05-15T23:59:59Z
BILL-2026-00948,2026-05-17,AWS,ACCT-SHARED,Data Transfer,us-east-1,res-shared-gateway-06,Inter-Region-Data-GB,219.35,USD,,,,,FINAL,2026-05-17T23:59:59Z
BILL-2026-00949,2026-05-20,AWS,ACCT-SHARED,Container Platform,us-east-1,res-shared-k8s-cluster-07,Shared-K8s-Node-Hours,536.65,USD,,,,,FINAL,2026-05-20T23:59:59Z
BILL-2026-00950,2026-05-13,AWS,ACCT-SHARED,Data Transfer,us-east-1,res-shared-gateway-07,Inter-Region-Data-GB,278.45,USD,,,,,FINAL,2026-05-13T23:59:59Z
BILL-2026-00951,2026-05-12,AWS,ACCT-SHARED,Container Platform,us-east-1,res-shared-k8s-cluster-08,Shared-K8s-Node-Hours,490.75,USD,,,,,FINAL,2026-05-12T23:59:59Z
BILL-2026-00952,2026-05-24,AWS,ACCT-SHARED,Data Transfer,us-east-1,res-shared-gateway-08,Inter-Region-Data-GB,129.16,USD,,,,,FINAL,2026-05-24T23:59:59Z
BILL-2026-00953,2026-05-16,AWS,ACCT-SHARED,Container Platform,us-east-1,res-shared-k8s-cluster-09,Shared-K8s-Node-Hours,886.22,USD,,,,,FINAL,2026-05-16T23:59:59Z
BILL-2026-00954,2026-05-22,AWS,ACCT-SHARED,Data Transfer,us-east-1,res-shared-gateway-09,Inter-Region-Data-GB,174.02,USD,,,,,FINAL,2026-05-22T23:59:59Z
BILL-2026-00955,2026-05-23,AWS,ACCT-SHARED,Container Platform,us-east-1,res-shared-k8s-cluster-10,Shared-K8s-Node-Hours,559.71,USD,,,,,FINAL,2026-05-23T23:59:59Z
BILL-2026-00956,2026-05-17,AWS,ACCT-SHARED,Data Transfer,us-east-1,res-shared-gateway-10,Inter-Region-Data-GB,151.55,USD,,,,,FINAL,2026-05-17T23:59:59Z
BILL-2026-00957,2026-05-26,AWS,ACCT-SHARED,Container Platform,us-east-1,res-shared-k8s-cluster-11,Shared-K8s-Node-Hours,636.76,USD,,,,,FINAL,2026-05-26T23:59:59Z
BILL-2026-00958,2026-05-15,AWS,ACCT-SHARED,Data Transfer,us-east-1,res-shared-gateway-11,Inter-Region-Data-GB,301.52,USD,,,,,FINAL,2026-05-15T23:59:59Z
BILL-2026-00959,2026-05-13,AWS,ACCT-SHARED,Container Platform,us-east-1,res-shared-k8s-cluster-12,Shared-K8s-Node-Hours,901.11,USD,,,,,FINAL,2026-05-13T23:59:59Z
BILL-2026-00960,2026-05-28,AWS,ACCT-SHARED,Data Transfer,us-east-1,res-shared-gateway-12,Inter-Region-Data-GB,391.51,USD,,,,,FINAL,2026-05-28T23:59:59Z
BILL-2026-00961,2026-05-17,AWS,ACCT-SHARED,Container Platform,us-east-1,res-shared-k8s-cluster-13,Shared-K8s-Node-Hours,379.74,USD,,,,,FINAL,2026-05-17T23:59:59Z
BILL-2026-00962,2026-05-10,AWS,ACCT-SHARED,Data Transfer,us-east-1,res-shared-gateway-13,Inter-Region-Data-GB,354.77,USD,,,,,FINAL,2026-05-10T23:59:59Z
BILL-2026-00963,2026-05-13,AWS,ACCT-SHARED,Container Platform,us-east-1,res-shared-k8s-cluster-14,Shared-K8s-Node-Hours,654.5,USD,,,,,FINAL,2026-05-13T23:59:59Z
BILL-2026-00964,2026-05-21,AWS,ACCT-SHARED,Data Transfer,us-east-1,res-shared-gateway-14,Inter-Region-Data-GB,144.97,USD,,,,,FINAL,2026-05-21T23:59:59Z
BILL-2026-00965,2026-05-26,AWS,ACCT-SHARED,Container Platform,us-east-1,res-shared-k8s-cluster-15,Shared-K8s-Node-Hours,658.38,USD,,,,,FINAL,2026-05-26T23:59:59Z
BILL-2026-00966,2026-05-16,AWS,ACCT-SHARED,Data Transfer,us-east-1,res-shared-gateway-15,Inter-Region-Data-GB,165.72,USD,,,,,FINAL,2026-05-16T23:59:59Z
BILL-2026-00967,2026-05-20,AWS,ACCT-SHARED,Serverless,us-east-1,res-orphan-serverless-001,Function-Invocations,391.37,USD,,,,,FINAL,2026-05-20T23:59:59Z
BILL-2026-00968,2026-05-21,AWS,ACCT-SHARED,Object Storage,us-west-2,res-conflict-storage-002,Standard-Storage-GB,612.42,USD,,,,,FINAL,2026-05-21T23:59:59Z
BILL-2026-00969,2026-05-20,AWS,ACCT-ANALYTICS,Compute,us-west-2,res-corrupt-prod-003,vCPU-Hours,831.28,USD,env=prod;bu=Analytics;product=ClinicalData,Clinical Analytics Platform,Report Generation,Clinical Analytics,FINAL,2026-05-20T23:59:59Z
BILL-2026-00970,2026-05-28,AWS,ACCT-IMAGING,Compute,us-east-1,res-spike-imaging-gpu-004,GPU-Processing-Hours,1884.24,USD,,,,,FINAL,2026-05-28T23:59:59Z
BILL-2026-00971,2026-06-11,AWS,ACCT-IMAGING,Object Storage,us-east-1,res-img-storage-001,Standard-Storage-GB,729.31,USD,env=prod;bu=Radiology;product=Imaging,Medical Imaging Platform,Image Storage,Radiology,FINAL,2026-06-11T23:59:59Z
BILL-2026-00972,2026-06-24,AWS,ACCT-IMAGING,Compute,us-east-1,res-img-comp-001,vCPU-Hours,1268.82,USD,,,,,FINAL,2026-06-24T23:59:59Z
BILL-2026-00973,2026-06-12,AWS,ACCT-IMAGING,Object Storage,us-east-1,res-img-storage-002,Standard-Storage-GB,458.33,USD,env=prod;bu=Radiology;product=Imaging,Medical Imaging Platform,Image Storage,Radiology,FINAL,2026-06-12T23:59:59Z
BILL-2026-00974,2026-06-22,AWS,ACCT-IMAGING,Compute,us-east-1,res-img-comp-002,vCPU-Hours,679.22,USD,,,,,FINAL,2026-06-22T23:59:59Z
BILL-2026-00975,2026-06-14,AWS,ACCT-IMAGING,Object Storage,us-east-1,res-img-storage-003,Standard-Storage-GB,479.89,USD,env=prod;bu=Radiology;product=Imaging,Medical Imaging Platform,Image Storage,Radiology,FINAL,2026-06-14T23:59:59Z
BILL-2026-00976,2026-06-23,AWS,ACCT-IMAGING,Compute,us-east-1,res-img-comp-003,vCPU-Hours,1112.19,USD,,,,,FINAL,2026-06-23T23:59:59Z
BILL-2026-00977,2026-06-28,AWS,ACCT-IMAGING,Object Storage,us-east-1,res-img-storage-004,Standard-Storage-GB,778.03,USD,env=prod;bu=Radiology;product=Imaging,Medical Imaging Platform,Image Storage,Radiology,FINAL,2026-06-28T23:59:59Z
BILL-2026-00978,2026-06-11,AWS,ACCT-IMAGING,Compute,us-east-1,res-img-comp-004,vCPU-Hours,531.44,USD,,,,,FINAL,2026-06-11T23:59:59Z
BILL-2026-00979,2026-06-24,AWS,ACCT-IMAGING,Object Storage,us-east-1,res-img-storage-005,Standard-Storage-GB,252.14,USD,env=prod;bu=Radiology;product=Imaging,Medical Imaging Platform,Image Storage,Radiology,FINAL,2026-06-24T23:59:59Z
BILL-2026-00980,2026-06-18,AWS,ACCT-IMAGING,Compute,us-east-1,res-img-comp-005,vCPU-Hours,773.42,USD,,,,,FINAL,2026-06-18T23:59:59Z
BILL-2026-00981,2026-06-16,AWS,ACCT-IMAGING,Object Storage,us-east-1,res-img-storage-006,Standard-Storage-GB,363.37,USD,env=prod;bu=Radiology;product=Imaging,Medical Imaging Platform,Image Storage,Radiology,FINAL,2026-06-16T23:59:59Z
BILL-2026-00982,2026-06-27,AWS,ACCT-IMAGING,Compute,us-east-1,res-img-comp-006,vCPU-Hours,493.66,USD,,,,,FINAL,2026-06-27T23:59:59Z
BILL-2026-00983,2026-06-11,AWS,ACCT-IMAGING,Object Storage,us-east-1,res-img-storage-007,Standard-Storage-GB,622.33,USD,env=prod;bu=Radiology;product=Imaging,Medical Imaging Platform,Image Storage,Radiology,FINAL,2026-06-11T23:59:59Z
BILL-2026-00984,2026-06-27,AWS,ACCT-IMAGING,Compute,us-east-1,res-img-comp-007,vCPU-Hours,488.99,USD,,,,,FINAL,2026-06-27T23:59:59Z
BILL-2026-00985,2026-06-13,AWS,ACCT-IMAGING,Object Storage,us-east-1,res-img-storage-008,Standard-Storage-GB,510.67,USD,env=prod;bu=Radiology;product=Imaging,Medical Imaging Platform,Image Storage,Radiology,FINAL,2026-06-13T23:59:59Z
BILL-2026-00986,2026-06-23,AWS,ACCT-IMAGING,Compute,us-east-1,res-img-comp-008,vCPU-Hours,1231.06,USD,,,,,FINAL,2026-06-23T23:59:59Z
BILL-2026-00987,2026-06-11,AWS,ACCT-IMAGING,Object Storage,us-east-1,res-img-storage-009,Standard-Storage-GB,840.05,USD,env=prod;bu=Radiology;product=Imaging,Medical Imaging Platform,Image Storage,Radiology,FINAL,2026-06-11T23:59:59Z
BILL-2026-00988,2026-06-10,AWS,ACCT-IMAGING,Compute,us-east-1,res-img-comp-009,vCPU-Hours,972.25,USD,,,,,FINAL,2026-06-10T23:59:59Z
BILL-2026-00989,2026-06-24,AWS,ACCT-IMAGING,Object Storage,us-east-1,res-img-storage-010,Standard-Storage-GB,791.24,USD,env=prod;bu=Radiology;product=Imaging,Medical Imaging Platform,Image Storage,Radiology,FINAL,2026-06-24T23:59:59Z
BILL-2026-00990,2026-06-20,AWS,ACCT-IMAGING,Compute,us-east-1,res-img-comp-010,vCPU-Hours,1209.17,USD,,,,,FINAL,2026-06-20T23:59:59Z
BILL-2026-00991,2026-06-12,AWS,ACCT-IMAGING,Object Storage,us-east-1,res-img-storage-011,Standard-Storage-GB,804.71,USD,env=prod;bu=Radiology;product=Imaging,Medical Imaging Platform,Image Storage,Radiology,FINAL,2026-06-12T23:59:59Z
BILL-2026-00992,2026-06-23,AWS,ACCT-IMAGING,Compute,us-east-1,res-img-comp-011,vCPU-Hours,1009.5,USD,,,,,FINAL,2026-06-23T23:59:59Z
BILL-2026-00993,2026-06-28,AWS,ACCT-IMAGING,Object Storage,us-east-1,res-img-storage-012,Standard-Storage-GB,323.7,USD,env=prod;bu=Radiology;product=Imaging,Medical Imaging Platform,Image Storage,Radiology,FINAL,2026-06-28T23:59:59Z
BILL-2026-00994,2026-06-28,AWS,ACCT-IMAGING,Compute,us-east-1,res-img-comp-012,vCPU-Hours,1187.33,USD,,,,,FINAL,2026-06-28T23:59:59Z
BILL-2026-00995,2026-06-11,AWS,ACCT-IMAGING,Object Storage,us-east-1,res-img-storage-013,Standard-Storage-GB,459.07,USD,env=prod;bu=Radiology;product=Imaging,Medical Imaging Platform,Image Storage,Radiology,FINAL,2026-06-11T23:59:59Z
BILL-2026-00996,2026-06-18,AWS,ACCT-IMAGING,Compute,us-east-1,res-img-comp-013,vCPU-Hours,1343.41,USD,,,,,FINAL,2026-06-18T23:59:59Z
BILL-2026-00997,2026-06-18,AWS,ACCT-IMAGING,Object Storage,us-east-1,res-img-storage-014,Standard-Storage-GB,322.1,USD,env=prod;bu=Radiology;product=Imaging,Medical Imaging Platform,Image Storage,Radiology,FINAL,2026-06-18T23:59:59Z
BILL-2026-00998,2026-06-20,AWS,ACCT-IMAGING,Compute,us-east-1,res-img-comp-014,vCPU-Hours,716.95,USD,,,,,FINAL,2026-06-20T23:59:59Z
BILL-2026-00999,2026-06-28,AWS,ACCT-IMAGING,Object Storage,us-east-1,res-img-storage-015,Standard-Storage-GB,282.6,USD,env=prod;bu=Radiology;product=Imaging,Medical Imaging Platform,Image Storage,Radiology,FINAL,2026-06-28T23:59:59Z
BILL-2026-01000,2026-06-18,AWS,ACCT-IMAGING,Compute,us-east-1,res-img-comp-015,vCPU-Hours,769.44,USD,,,,,FINAL,2026-06-18T23:59:59Z
BILL-2026-01001,2026-06-14,AWS,ACCT-IMAGING,Object Storage,us-east-1,res-img-storage-016,Standard-Storage-GB,418.7,USD,env=prod;bu=Radiology;product=Imaging,Medical Imaging Platform,Image Storage,Radiology,FINAL,2026-06-14T23:59:59Z
BILL-2026-01002,2026-06-26,AWS,ACCT-IMAGING,Compute,us-east-1,res-img-comp-016,vCPU-Hours,1016.78,USD,,,,,FINAL,2026-06-26T23:59:59Z
BILL-2026-01003,2026-06-13,AWS,ACCT-IMAGING,Object Storage,us-east-1,res-img-storage-017,Standard-Storage-GB,577.69,USD,env=prod;bu=Radiology;product=Imaging,Medical Imaging Platform,Image Storage,Radiology,FINAL,2026-06-13T23:59:59Z
BILL-2026-01004,2026-06-20,AWS,ACCT-IMAGING,Compute,us-east-1,res-img-comp-017,vCPU-Hours,1391.59,USD,,,,,FINAL,2026-06-20T23:59:59Z
BILL-2026-01005,2026-06-21,AWS,ACCT-IMAGING,Object Storage,us-east-1,res-img-storage-018,Standard-Storage-GB,522.14,USD,env=prod;bu=Radiology;product=Imaging,Medical Imaging Platform,Image Storage,Radiology,FINAL,2026-06-21T23:59:59Z
BILL-2026-01006,2026-06-14,AWS,ACCT-IMAGING,Compute,us-east-1,res-img-comp-018,vCPU-Hours,503.35,USD,,,,,FINAL,2026-06-14T23:59:59Z
BILL-2026-01007,2026-06-16,AWS,ACCT-IMAGING,Object Storage,us-east-1,res-img-storage-019,Standard-Storage-GB,526.99,USD,env=prod;bu=Radiology;product=Imaging,Medical Imaging Platform,Image Storage,Radiology,FINAL,2026-06-16T23:59:59Z
BILL-2026-01008,2026-06-18,AWS,ACCT-IMAGING,Compute,us-east-1,res-img-comp-019,vCPU-Hours,927.04,USD,,,,,FINAL,2026-06-18T23:59:59Z
BILL-2026-01009,2026-06-16,AWS,ACCT-IMAGING,Object Storage,us-east-1,res-img-storage-020,Standard-Storage-GB,636.35,USD,env=prod;bu=Radiology;product=Imaging,Medical Imaging Platform,Image Storage,Radiology,FINAL,2026-06-16T23:59:59Z
BILL-2026-01010,2026-06-11,AWS,ACCT-IMAGING,Compute,us-east-1,res-img-comp-020,vCPU-Hours,1390.42,USD,,,,,FINAL,2026-06-11T23:59:59Z
BILL-2026-01011,2026-06-23,AWS,ACCT-IMAGING,Object Storage,us-east-1,res-img-storage-021,Standard-Storage-GB,825.39,USD,env=prod;bu=Radiology;product=Imaging,Medical Imaging Platform,Image Storage,Radiology,FINAL,2026-06-23T23:59:59Z
BILL-2026-01012,2026-06-24,AWS,ACCT-IMAGING,Compute,us-east-1,res-img-comp-021,vCPU-Hours,936.15,USD,,,,,FINAL,2026-06-24T23:59:59Z
BILL-2026-01013,2026-06-18,AWS,ACCT-IMAGING,Object Storage,us-east-1,res-img-storage-022,Standard-Storage-GB,518.58,USD,env=prod;bu=Radiology;product=Imaging,Medical Imaging Platform,Image Storage,Radiology,FINAL,2026-06-18T23:59:59Z
BILL-2026-01014,2026-06-12,AWS,ACCT-IMAGING,Compute,us-east-1,res-img-comp-022,vCPU-Hours,1024.99,USD,,,,,FINAL,2026-06-12T23:59:59Z
BILL-2026-01015,2026-06-15,AWS,ACCT-IMAGING,Object Storage,us-east-1,res-img-storage-023,Standard-Storage-GB,302.88,USD,env=prod;bu=Radiology;product=Imaging,Medical Imaging Platform,Image Storage,Radiology,FINAL,2026-06-15T23:59:59Z
BILL-2026-01016,2026-06-25,AWS,ACCT-IMAGING,Compute,us-east-1,res-img-comp-023,vCPU-Hours,1301.45,USD,,,,,FINAL,2026-06-25T23:59:59Z
BILL-2026-01017,2026-06-20,AWS,ACCT-IMAGING,Object Storage,us-east-1,res-img-storage-024,Standard-Storage-GB,749.17,USD,env=prod;bu=Radiology;product=Imaging,Medical Imaging Platform,Image Storage,Radiology,FINAL,2026-06-20T23:59:59Z
BILL-2026-01018,2026-06-20,AWS,ACCT-IMAGING,Compute,us-east-1,res-img-comp-024,vCPU-Hours,1242.15,USD,,,,,FINAL,2026-06-20T23:59:59Z
BILL-2026-01019,2026-06-15,AWS,ACCT-IMAGING,Object Storage,us-east-1,res-img-storage-025,Standard-Storage-GB,254.89,USD,env=prod;bu=Radiology;product=Imaging,Medical Imaging Platform,Image Storage,Radiology,FINAL,2026-06-15T23:59:59Z
BILL-2026-01020,2026-06-21,AWS,ACCT-IMAGING,Compute,us-east-1,res-img-comp-025,vCPU-Hours,1290.1,USD,,,,,FINAL,2026-06-21T23:59:59Z
BILL-2026-01021,2026-06-28,AWS,ACCT-PORTAL,Container Platform,us-east-2,res-portal-app-001,Container-Hours,508.66,USD,env=prod;bu=PatientPortal;product=Portal,Patient Portal,Appointment Management,Patient Portal,FINAL,2026-06-28T23:59:59Z
BILL-2026-01022,2026-06-27,AWS,ACCT-PORTAL,Database,us-east-2,res-portal-db-001,IOPS-and-Storage,682.59,USD,,,,,FINAL,2026-06-27T23:59:59Z
BILL-2026-01023,2026-06-15,AWS,ACCT-PORTAL,Container Platform,us-east-2,res-portal-app-002,Container-Hours,498.67,USD,env=prod;bu=PatientPortal;product=Portal,Patient Portal,Appointment Management,Patient Portal,FINAL,2026-06-15T23:59:59Z
BILL-2026-01024,2026-06-10,AWS,ACCT-PORTAL,Database,us-east-2,res-portal-db-002,IOPS-and-Storage,1017.5,USD,,,,,FINAL,2026-06-10T23:59:59Z
BILL-2026-01025,2026-06-26,AWS,ACCT-PORTAL,Container Platform,us-east-2,res-portal-app-003,Container-Hours,797.79,USD,env=prod;bu=PatientPortal;product=Portal,Patient Portal,Appointment Management,Patient Portal,FINAL,2026-06-26T23:59:59Z
BILL-2026-01026,2026-06-26,AWS,ACCT-PORTAL,Database,us-east-2,res-portal-db-003,IOPS-and-Storage,733.89,USD,,,,,FINAL,2026-06-26T23:59:59Z
BILL-2026-01027,2026-06-14,AWS,ACCT-PORTAL,Container Platform,us-east-2,res-portal-app-004,Container-Hours,571.75,USD,env=prod;bu=PatientPortal;product=Portal,Patient Portal,Appointment Management,Patient Portal,FINAL,2026-06-14T23:59:59Z
BILL-2026-01028,2026-06-26,AWS,ACCT-PORTAL,Database,us-east-2,res-portal-db-004,IOPS-and-Storage,1008.97,USD,,,,,FINAL,2026-06-26T23:59:59Z
BILL-2026-01029,2026-06-10,AWS,ACCT-PORTAL,Container Platform,us-east-2,res-portal-app-005,Container-Hours,451.83,USD,env=prod;bu=PatientPortal;product=Portal,Patient Portal,Appointment Management,Patient Portal,FINAL,2026-06-10T23:59:59Z
BILL-2026-01030,2026-06-27,AWS,ACCT-PORTAL,Database,us-east-2,res-portal-db-005,IOPS-and-Storage,991.67,USD,,,,,FINAL,2026-06-27T23:59:59Z
BILL-2026-01031,2026-06-16,AWS,ACCT-PORTAL,Container Platform,us-east-2,res-portal-app-006,Container-Hours,932.93,USD,env=prod;bu=PatientPortal;product=Portal,Patient Portal,Appointment Management,Patient Portal,FINAL,2026-06-16T23:59:59Z
BILL-2026-01032,2026-06-28,AWS,ACCT-PORTAL,Database,us-east-2,res-portal-db-006,IOPS-and-Storage,1076.31,USD,,,,,FINAL,2026-06-28T23:59:59Z
BILL-2026-01033,2026-06-21,AWS,ACCT-PORTAL,Container Platform,us-east-2,res-portal-app-007,Container-Hours,864.45,USD,env=prod;bu=PatientPortal;product=Portal,Patient Portal,Appointment Management,Patient Portal,FINAL,2026-06-21T23:59:59Z
BILL-2026-01034,2026-06-27,AWS,ACCT-PORTAL,Database,us-east-2,res-portal-db-007,IOPS-and-Storage,409.32,USD,,,,,FINAL,2026-06-27T23:59:59Z
BILL-2026-01035,2026-06-24,AWS,ACCT-PORTAL,Container Platform,us-east-2,res-portal-app-008,Container-Hours,435.77,USD,env=prod;bu=PatientPortal;product=Portal,Patient Portal,Appointment Management,Patient Portal,FINAL,2026-06-24T23:59:59Z
BILL-2026-01036,2026-06-26,AWS,ACCT-PORTAL,Database,us-east-2,res-portal-db-008,IOPS-and-Storage,529.92,USD,,,,,FINAL,2026-06-26T23:59:59Z
BILL-2026-01037,2026-06-25,AWS,ACCT-PORTAL,Container Platform,us-east-2,res-portal-app-009,Container-Hours,512.53,USD,env=prod;bu=PatientPortal;product=Portal,Patient Portal,Appointment Management,Patient Portal,FINAL,2026-06-25T23:59:59Z
BILL-2026-01038,2026-06-13,AWS,ACCT-PORTAL,Database,us-east-2,res-portal-db-009,IOPS-and-Storage,1042.73,USD,,,,,FINAL,2026-06-13T23:59:59Z
BILL-2026-01039,2026-06-27,AWS,ACCT-PORTAL,Container Platform,us-east-2,res-portal-app-010,Container-Hours,801.09,USD,env=prod;bu=PatientPortal;product=Portal,Patient Portal,Appointment Management,Patient Portal,FINAL,2026-06-27T23:59:59Z
BILL-2026-01040,2026-06-11,AWS,ACCT-PORTAL,Database,us-east-2,res-portal-db-010,IOPS-and-Storage,860.48,USD,,,,,FINAL,2026-06-11T23:59:59Z
BILL-2026-01041,2026-06-25,AWS,ACCT-PORTAL,Container Platform,us-east-2,res-portal-app-011,Container-Hours,491.09,USD,env=prod;bu=PatientPortal;product=Portal,Patient Portal,Appointment Management,Patient Portal,FINAL,2026-06-25T23:59:59Z
BILL-2026-01042,2026-06-10,AWS,ACCT-PORTAL,Database,us-east-2,res-portal-db-011,IOPS-and-Storage,1031.46,USD,,,,,FINAL,2026-06-10T23:59:59Z
BILL-2026-01043,2026-06-16,AWS,ACCT-PORTAL,Container Platform,us-east-2,res-portal-app-012,Container-Hours,563.47,USD,env=prod;bu=PatientPortal;product=Portal,Patient Portal,Appointment Management,Patient Portal,FINAL,2026-06-16T23:59:59Z
BILL-2026-01044,2026-06-11,AWS,ACCT-PORTAL,Database,us-east-2,res-portal-db-012,IOPS-and-Storage,1071.6,USD,,,,,FINAL,2026-06-11T23:59:59Z
BILL-2026-01045,2026-06-18,AWS,ACCT-PORTAL,Container Platform,us-east-2,res-portal-app-013,Container-Hours,445.2,USD,env=prod;bu=PatientPortal;product=Portal,Patient Portal,Appointment Management,Patient Portal,FINAL,2026-06-18T23:59:59Z
BILL-2026-01046,2026-06-25,AWS,ACCT-PORTAL,Database,us-east-2,res-portal-db-013,IOPS-and-Storage,768.83,USD,,,,,FINAL,2026-06-25T23:59:59Z
BILL-2026-01047,2026-06-10,AWS,ACCT-PORTAL,Container Platform,us-east-2,res-portal-app-014,Container-Hours,652.12,USD,env=prod;bu=PatientPortal;product=Portal,Patient Portal,Appointment Management,Patient Portal,FINAL,2026-06-10T23:59:59Z
BILL-2026-01048,2026-06-19,AWS,ACCT-PORTAL,Database,us-east-2,res-portal-db-014,IOPS-and-Storage,787.73,USD,,,,,FINAL,2026-06-19T23:59:59Z
BILL-2026-01049,2026-06-22,AWS,ACCT-PORTAL,Container Platform,us-east-2,res-portal-app-015,Container-Hours,524.08,USD,env=prod;bu=PatientPortal;product=Portal,Patient Portal,Appointment Management,Patient Portal,FINAL,2026-06-22T23:59:59Z
BILL-2026-01050,2026-06-20,AWS,ACCT-PORTAL,Database,us-east-2,res-portal-db-015,IOPS-and-Storage,399,USD,,,,,FINAL,2026-06-20T23:59:59Z
BILL-2026-01051,2026-06-22,AWS,ACCT-PORTAL,Container Platform,us-east-2,res-portal-app-016,Container-Hours,505.67,USD,env=prod;bu=PatientPortal;product=Portal,Patient Portal,Appointment Management,Patient Portal,FINAL,2026-06-22T23:59:59Z
BILL-2026-01052,2026-06-14,AWS,ACCT-PORTAL,Database,us-east-2,res-portal-db-016,IOPS-and-Storage,809.24,USD,,,,,FINAL,2026-06-14T23:59:59Z
BILL-2026-01053,2026-06-28,AWS,ACCT-PORTAL,Container Platform,us-east-2,res-portal-app-017,Container-Hours,773.31,USD,env=prod;bu=PatientPortal;product=Portal,Patient Portal,Appointment Management,Patient Portal,FINAL,2026-06-28T23:59:59Z
BILL-2026-01054,2026-06-13,AWS,ACCT-PORTAL,Database,us-east-2,res-portal-db-017,IOPS-and-Storage,793.25,USD,,,,,FINAL,2026-06-13T23:59:59Z
BILL-2026-01055,2026-06-12,AWS,ACCT-PORTAL,Container Platform,us-east-2,res-portal-app-018,Container-Hours,694.51,USD,env=prod;bu=PatientPortal;product=Portal,Patient Portal,Appointment Management,Patient Portal,FINAL,2026-06-12T23:59:59Z
BILL-2026-01056,2026-06-27,AWS,ACCT-PORTAL,Database,us-east-2,res-portal-db-018,IOPS-and-Storage,936.11,USD,,,,,FINAL,2026-06-27T23:59:59Z
BILL-2026-01057,2026-06-11,AWS,ACCT-PORTAL,Container Platform,us-east-2,res-portal-app-019,Container-Hours,890.32,USD,env=prod;bu=PatientPortal;product=Portal,Patient Portal,Appointment Management,Patient Portal,FINAL,2026-06-11T23:59:59Z
BILL-2026-01058,2026-06-24,AWS,ACCT-PORTAL,Database,us-east-2,res-portal-db-019,IOPS-and-Storage,1014.58,USD,,,,,FINAL,2026-06-24T23:59:59Z
BILL-2026-01059,2026-06-21,AWS,ACCT-PORTAL,Container Platform,us-east-2,res-portal-app-020,Container-Hours,857.83,USD,env=prod;bu=PatientPortal;product=Portal,Patient Portal,Appointment Management,Patient Portal,FINAL,2026-06-21T23:59:59Z
BILL-2026-01060,2026-06-20,AWS,ACCT-PORTAL,Database,us-east-2,res-portal-db-020,IOPS-and-Storage,975.47,USD,,,,,FINAL,2026-06-20T23:59:59Z
BILL-2026-01061,2026-06-20,AWS,ACCT-ANALYTICS,Compute,us-west-2,res-analytics-node-001,Memory-Optimized-Hours,1266.58,USD,env=prod;bu=Analytics;product=ClinicalData,Clinical Analytics Platform,Report Generation,Clinical Analytics,FINAL,2026-06-20T23:59:59Z
BILL-2026-01062,2026-06-19,AWS,ACCT-ANALYTICS,Database,us-west-2,res-analytics-db-001,Warehouse-Compute-Credits,572.38,USD,,,,,FINAL,2026-06-19T23:59:59Z
BILL-2026-01063,2026-06-21,AWS,ACCT-ANALYTICS,Compute,us-west-2,res-analytics-node-002,Memory-Optimized-Hours,974.96,USD,env=prod;bu=Analytics;product=ClinicalData,Clinical Analytics Platform,Report Generation,Clinical Analytics,FINAL,2026-06-21T23:59:59Z
BILL-2026-01064,2026-06-22,AWS,ACCT-ANALYTICS,Database,us-west-2,res-analytics-db-002,Warehouse-Compute-Credits,401.74,USD,,,,,FINAL,2026-06-22T23:59:59Z
BILL-2026-01065,2026-06-12,AWS,ACCT-ANALYTICS,Compute,us-west-2,res-analytics-node-003,Memory-Optimized-Hours,491.33,USD,env=prod;bu=Analytics;product=ClinicalData,Clinical Analytics Platform,Report Generation,Clinical Analytics,FINAL,2026-06-12T23:59:59Z
BILL-2026-01066,2026-06-11,AWS,ACCT-ANALYTICS,Database,us-west-2,res-analytics-db-003,Warehouse-Compute-Credits,1053.18,USD,,,,,FINAL,2026-06-11T23:59:59Z
BILL-2026-01067,2026-06-24,AWS,ACCT-ANALYTICS,Compute,us-west-2,res-analytics-node-004,Memory-Optimized-Hours,686.14,USD,env=prod;bu=Analytics;product=ClinicalData,Clinical Analytics Platform,Report Generation,Clinical Analytics,FINAL,2026-06-24T23:59:59Z
BILL-2026-01068,2026-06-14,AWS,ACCT-ANALYTICS,Database,us-west-2,res-analytics-db-004,Warehouse-Compute-Credits,838.61,USD,,,,,FINAL,2026-06-14T23:59:59Z
BILL-2026-01069,2026-06-27,AWS,ACCT-ANALYTICS,Compute,us-west-2,res-analytics-node-005,Memory-Optimized-Hours,1367.84,USD,env=prod;bu=Analytics;product=ClinicalData,Clinical Analytics Platform,Report Generation,Clinical Analytics,FINAL,2026-06-27T23:59:59Z
BILL-2026-01070,2026-06-13,AWS,ACCT-ANALYTICS,Database,us-west-2,res-analytics-db-005,Warehouse-Compute-Credits,805.73,USD,,,,,FINAL,2026-06-13T23:59:59Z
BILL-2026-01071,2026-06-14,AWS,ACCT-ANALYTICS,Compute,us-west-2,res-analytics-node-006,Memory-Optimized-Hours,1086.84,USD,env=prod;bu=Analytics;product=ClinicalData,Clinical Analytics Platform,Report Generation,Clinical Analytics,FINAL,2026-06-14T23:59:59Z
BILL-2026-01072,2026-06-10,AWS,ACCT-ANALYTICS,Database,us-west-2,res-analytics-db-006,Warehouse-Compute-Credits,952.28,USD,,,,,FINAL,2026-06-10T23:59:59Z
BILL-2026-01073,2026-06-12,AWS,ACCT-ANALYTICS,Compute,us-west-2,res-analytics-node-007,Memory-Optimized-Hours,668.16,USD,env=prod;bu=Analytics;product=ClinicalData,Clinical Analytics Platform,Report Generation,Clinical Analytics,FINAL,2026-06-12T23:59:59Z
BILL-2026-01074,2026-06-10,AWS,ACCT-ANALYTICS,Database,us-west-2,res-analytics-db-007,Warehouse-Compute-Credits,350.9,USD,,,,,FINAL,2026-06-10T23:59:59Z
BILL-2026-01075,2026-06-14,AWS,ACCT-ANALYTICS,Compute,us-west-2,res-analytics-node-008,Memory-Optimized-Hours,1085.4,USD,env=prod;bu=Analytics;product=ClinicalData,Clinical Analytics Platform,Report Generation,Clinical Analytics,FINAL,2026-06-14T23:59:59Z
BILL-2026-01076,2026-06-21,AWS,ACCT-ANALYTICS,Database,us-west-2,res-analytics-db-008,Warehouse-Compute-Credits,795.86,USD,,,,,FINAL,2026-06-21T23:59:59Z
BILL-2026-01077,2026-06-21,AWS,ACCT-ANALYTICS,Compute,us-west-2,res-analytics-node-009,Memory-Optimized-Hours,1271.04,USD,env=prod;bu=Analytics;product=ClinicalData,Clinical Analytics Platform,Report Generation,Clinical Analytics,FINAL,2026-06-21T23:59:59Z
BILL-2026-01078,2026-06-14,AWS,ACCT-ANALYTICS,Database,us-west-2,res-analytics-db-009,Warehouse-Compute-Credits,564.34,USD,,,,,FINAL,2026-06-14T23:59:59Z
BILL-2026-01079,2026-06-18,AWS,ACCT-ANALYTICS,Compute,us-west-2,res-analytics-node-010,Memory-Optimized-Hours,671.76,USD,env=prod;bu=Analytics;product=ClinicalData,Clinical Analytics Platform,Report Generation,Clinical Analytics,FINAL,2026-06-18T23:59:59Z
BILL-2026-01080,2026-06-28,AWS,ACCT-ANALYTICS,Database,us-west-2,res-analytics-db-010,Warehouse-Compute-Credits,679.19,USD,,,,,FINAL,2026-06-28T23:59:59Z
BILL-2026-01081,2026-06-17,AWS,ACCT-ANALYTICS,Compute,us-west-2,res-analytics-node-011,Memory-Optimized-Hours,619.37,USD,env=prod;bu=Analytics;product=ClinicalData,Clinical Analytics Platform,Report Generation,Clinical Analytics,FINAL,2026-06-17T23:59:59Z
BILL-2026-01082,2026-06-11,AWS,ACCT-ANALYTICS,Database,us-west-2,res-analytics-db-011,Warehouse-Compute-Credits,856.95,USD,,,,,FINAL,2026-06-11T23:59:59Z
BILL-2026-01083,2026-06-19,AWS,ACCT-ANALYTICS,Compute,us-west-2,res-analytics-node-012,Memory-Optimized-Hours,826.8,USD,env=prod;bu=Analytics;product=ClinicalData,Clinical Analytics Platform,Report Generation,Clinical Analytics,FINAL,2026-06-19T23:59:59Z
BILL-2026-01084,2026-06-13,AWS,ACCT-ANALYTICS,Database,us-west-2,res-analytics-db-012,Warehouse-Compute-Credits,673.97,USD,,,,,FINAL,2026-06-13T23:59:59Z
BILL-2026-01085,2026-06-24,AWS,ACCT-ANALYTICS,Compute,us-west-2,res-analytics-node-013,Memory-Optimized-Hours,1068.08,USD,env=prod;bu=Analytics;product=ClinicalData,Clinical Analytics Platform,Report Generation,Clinical Analytics,FINAL,2026-06-24T23:59:59Z
BILL-2026-01086,2026-06-10,AWS,ACCT-ANALYTICS,Database,us-west-2,res-analytics-db-013,Warehouse-Compute-Credits,826.94,USD,,,,,FINAL,2026-06-10T23:59:59Z
BILL-2026-01087,2026-06-12,AWS,ACCT-ANALYTICS,Compute,us-west-2,res-analytics-node-014,Memory-Optimized-Hours,1182.1,USD,env=prod;bu=Analytics;product=ClinicalData,Clinical Analytics Platform,Report Generation,Clinical Analytics,FINAL,2026-06-12T23:59:59Z
BILL-2026-01088,2026-06-26,AWS,ACCT-ANALYTICS,Database,us-west-2,res-analytics-db-014,Warehouse-Compute-Credits,686.76,USD,,,,,FINAL,2026-06-26T23:59:59Z
BILL-2026-01089,2026-06-26,AWS,ACCT-ANALYTICS,Compute,us-west-2,res-analytics-node-015,Memory-Optimized-Hours,1396.17,USD,env=prod;bu=Analytics;product=ClinicalData,Clinical Analytics Platform,Report Generation,Clinical Analytics,FINAL,2026-06-26T23:59:59Z
BILL-2026-01090,2026-06-27,AWS,ACCT-ANALYTICS,Database,us-west-2,res-analytics-db-015,Warehouse-Compute-Credits,706.74,USD,,,,,FINAL,2026-06-27T23:59:59Z
BILL-2026-01091,2026-06-28,AWS,ACCT-ANALYTICS,Compute,us-west-2,res-analytics-node-016,Memory-Optimized-Hours,973.65,USD,env=prod;bu=Analytics;product=ClinicalData,Clinical Analytics Platform,Report Generation,Clinical Analytics,FINAL,2026-06-28T23:59:59Z
BILL-2026-01092,2026-06-17,AWS,ACCT-ANALYTICS,Database,us-west-2,res-analytics-db-016,Warehouse-Compute-Credits,823.25,USD,,,,,FINAL,2026-06-17T23:59:59Z
BILL-2026-01093,2026-06-26,AWS,ACCT-ANALYTICS,Compute,us-west-2,res-analytics-node-017,Memory-Optimized-Hours,888.61,USD,env=prod;bu=Analytics;product=ClinicalData,Clinical Analytics Platform,Report Generation,Clinical Analytics,FINAL,2026-06-26T23:59:59Z
BILL-2026-01094,2026-06-16,AWS,ACCT-ANALYTICS,Database,us-west-2,res-analytics-db-017,Warehouse-Compute-Credits,616.4,USD,,,,,FINAL,2026-06-16T23:59:59Z
BILL-2026-01095,2026-06-21,AWS,ACCT-ANALYTICS,Compute,us-west-2,res-analytics-node-018,Memory-Optimized-Hours,1030.91,USD,env=prod;bu=Analytics;product=ClinicalData,Clinical Analytics Platform,Report Generation,Clinical Analytics,FINAL,2026-06-21T23:59:59Z
BILL-2026-01096,2026-06-25,AWS,ACCT-ANALYTICS,Database,us-west-2,res-analytics-db-018,Warehouse-Compute-Credits,342.07,USD,,,,,FINAL,2026-06-25T23:59:59Z
BILL-2026-01097,2026-06-25,AWS,ACCT-ANALYTICS,Compute,us-west-2,res-analytics-node-019,Memory-Optimized-Hours,781.11,USD,env=prod;bu=Analytics;product=ClinicalData,Clinical Analytics Platform,Report Generation,Clinical Analytics,FINAL,2026-06-25T23:59:59Z
BILL-2026-01098,2026-06-24,AWS,ACCT-ANALYTICS,Database,us-west-2,res-analytics-db-019,Warehouse-Compute-Credits,1090.19,USD,,,,,FINAL,2026-06-24T23:59:59Z
BILL-2026-01099,2026-06-14,AWS,ACCT-ANALYTICS,Compute,us-west-2,res-analytics-node-020,Memory-Optimized-Hours,428.74,USD,env=prod;bu=Analytics;product=ClinicalData,Clinical Analytics Platform,Report Generation,Clinical Analytics,FINAL,2026-06-14T23:59:59Z
BILL-2026-01100,2026-06-18,AWS,ACCT-ANALYTICS,Database,us-west-2,res-analytics-db-020,Warehouse-Compute-Credits,525.89,USD,,,,,FINAL,2026-06-18T23:59:59Z
BILL-2026-01101,2026-06-14,AWS,ACCT-BACKUP,Backup,us-east-1,res-backup-vault-001,Archive-Storage-GB,477.9,USD,,,,,FINAL,2026-06-14T23:59:59Z
BILL-2026-01102,2026-06-25,AWS,ACCT-LOGGING,Logging,us-east-1,res-log-ingest-001,Log-Ingested-GB,396.3,USD,,,,,FINAL,2026-06-25T23:59:59Z
BILL-2026-01103,2026-06-21,AWS,ACCT-BACKUP,Backup,us-east-1,res-backup-vault-002,Archive-Storage-GB,202.02,USD,,,,,FINAL,2026-06-21T23:59:59Z
BILL-2026-01104,2026-06-27,AWS,ACCT-LOGGING,Logging,us-east-1,res-log-ingest-002,Log-Ingested-GB,188.76,USD,,,,,FINAL,2026-06-27T23:59:59Z
BILL-2026-01105,2026-06-21,AWS,ACCT-BACKUP,Backup,us-east-1,res-backup-vault-003,Archive-Storage-GB,518.83,USD,,,,,FINAL,2026-06-21T23:59:59Z
BILL-2026-01106,2026-06-14,AWS,ACCT-LOGGING,Logging,us-east-1,res-log-ingest-003,Log-Ingested-GB,387.46,USD,,,,,FINAL,2026-06-14T23:59:59Z
BILL-2026-01107,2026-06-12,AWS,ACCT-BACKUP,Backup,us-east-1,res-backup-vault-004,Archive-Storage-GB,222.97,USD,,,,,FINAL,2026-06-12T23:59:59Z
BILL-2026-01108,2026-06-22,AWS,ACCT-LOGGING,Logging,us-east-1,res-log-ingest-004,Log-Ingested-GB,180.6,USD,,,,,FINAL,2026-06-22T23:59:59Z
BILL-2026-01109,2026-06-18,AWS,ACCT-BACKUP,Backup,us-east-1,res-backup-vault-005,Archive-Storage-GB,550.04,USD,,,,,FINAL,2026-06-18T23:59:59Z
BILL-2026-01110,2026-06-14,AWS,ACCT-LOGGING,Logging,us-east-1,res-log-ingest-005,Log-Ingested-GB,276.43,USD,,,,,FINAL,2026-06-14T23:59:59Z
BILL-2026-01111,2026-06-14,AWS,ACCT-BACKUP,Backup,us-east-1,res-backup-vault-006,Archive-Storage-GB,203.69,USD,,,,,FINAL,2026-06-14T23:59:59Z
BILL-2026-01112,2026-06-23,AWS,ACCT-LOGGING,Logging,us-east-1,res-log-ingest-006,Log-Ingested-GB,177.51,USD,,,,,FINAL,2026-06-23T23:59:59Z
BILL-2026-01113,2026-06-20,AWS,ACCT-BACKUP,Backup,us-east-1,res-backup-vault-007,Archive-Storage-GB,283.96,USD,,,,,FINAL,2026-06-20T23:59:59Z
BILL-2026-01114,2026-06-23,AWS,ACCT-LOGGING,Logging,us-east-1,res-log-ingest-007,Log-Ingested-GB,484.27,USD,,,,,FINAL,2026-06-23T23:59:59Z
BILL-2026-01115,2026-06-27,AWS,ACCT-BACKUP,Backup,us-east-1,res-backup-vault-008,Archive-Storage-GB,327.81,USD,,,,,FINAL,2026-06-27T23:59:59Z
BILL-2026-01116,2026-06-25,AWS,ACCT-LOGGING,Logging,us-east-1,res-log-ingest-008,Log-Ingested-GB,476.33,USD,,,,,FINAL,2026-06-25T23:59:59Z
BILL-2026-01117,2026-06-22,AWS,ACCT-BACKUP,Backup,us-east-1,res-backup-vault-009,Archive-Storage-GB,229.07,USD,,,,,FINAL,2026-06-22T23:59:59Z
BILL-2026-01118,2026-06-12,AWS,ACCT-LOGGING,Logging,us-east-1,res-log-ingest-009,Log-Ingested-GB,242.61,USD,,,,,FINAL,2026-06-12T23:59:59Z
BILL-2026-01119,2026-06-28,AWS,ACCT-BACKUP,Backup,us-east-1,res-backup-vault-010,Archive-Storage-GB,181.71,USD,,,,,FINAL,2026-06-28T23:59:59Z
BILL-2026-01120,2026-06-25,AWS,ACCT-LOGGING,Logging,us-east-1,res-log-ingest-010,Log-Ingested-GB,185.05,USD,,,,,FINAL,2026-06-25T23:59:59Z
BILL-2026-01121,2026-06-11,AWS,ACCT-BACKUP,Backup,us-east-1,res-backup-vault-011,Archive-Storage-GB,446.84,USD,,,,,FINAL,2026-06-11T23:59:59Z
BILL-2026-01122,2026-06-20,AWS,ACCT-LOGGING,Logging,us-east-1,res-log-ingest-011,Log-Ingested-GB,219.86,USD,,,,,FINAL,2026-06-20T23:59:59Z
BILL-2026-01123,2026-06-13,AWS,ACCT-BACKUP,Backup,us-east-1,res-backup-vault-012,Archive-Storage-GB,586.53,USD,,,,,FINAL,2026-06-13T23:59:59Z
BILL-2026-01124,2026-06-26,AWS,ACCT-LOGGING,Logging,us-east-1,res-log-ingest-012,Log-Ingested-GB,357.53,USD,,,,,FINAL,2026-06-26T23:59:59Z
BILL-2026-01125,2026-06-27,AWS,ACCT-BACKUP,Backup,us-east-1,res-backup-vault-013,Archive-Storage-GB,308.2,USD,,,,,FINAL,2026-06-27T23:59:59Z
BILL-2026-01126,2026-06-23,AWS,ACCT-LOGGING,Logging,us-east-1,res-log-ingest-013,Log-Ingested-GB,178.94,USD,,,,,FINAL,2026-06-23T23:59:59Z
BILL-2026-01127,2026-06-16,AWS,ACCT-BACKUP,Backup,us-east-1,res-backup-vault-014,Archive-Storage-GB,193.48,USD,,,,,FINAL,2026-06-16T23:59:59Z
BILL-2026-01128,2026-06-21,AWS,ACCT-LOGGING,Logging,us-east-1,res-log-ingest-014,Log-Ingested-GB,156.05,USD,,,,,FINAL,2026-06-21T23:59:59Z
BILL-2026-01129,2026-06-20,AWS,ACCT-BACKUP,Backup,us-east-1,res-backup-vault-015,Archive-Storage-GB,487.4,USD,,,,,FINAL,2026-06-20T23:59:59Z
BILL-2026-01130,2026-06-21,AWS,ACCT-LOGGING,Logging,us-east-1,res-log-ingest-015,Log-Ingested-GB,252.87,USD,,,,,FINAL,2026-06-21T23:59:59Z
BILL-2026-01131,2026-06-14,AWS,ACCT-SHARED,Container Platform,us-east-1,res-shared-k8s-cluster-01,Shared-K8s-Node-Hours,591.94,USD,,,,,FINAL,2026-06-14T23:59:59Z
BILL-2026-01132,2026-06-25,AWS,ACCT-SHARED,Data Transfer,us-east-1,res-shared-gateway-01,Inter-Region-Data-GB,240.08,USD,,,,,FINAL,2026-06-25T23:59:59Z
BILL-2026-01133,2026-06-23,AWS,ACCT-SHARED,Container Platform,us-east-1,res-shared-k8s-cluster-02,Shared-K8s-Node-Hours,766.34,USD,,,,,FINAL,2026-06-23T23:59:59Z
BILL-2026-01134,2026-06-20,AWS,ACCT-SHARED,Data Transfer,us-east-1,res-shared-gateway-02,Inter-Region-Data-GB,346.36,USD,,,,,FINAL,2026-06-20T23:59:59Z
BILL-2026-01135,2026-06-26,AWS,ACCT-SHARED,Container Platform,us-east-1,res-shared-k8s-cluster-03,Shared-K8s-Node-Hours,806.61,USD,,,,,FINAL,2026-06-26T23:59:59Z
BILL-2026-01136,2026-06-11,AWS,ACCT-SHARED,Data Transfer,us-east-1,res-shared-gateway-03,Inter-Region-Data-GB,265.19,USD,,,,,FINAL,2026-06-11T23:59:59Z
BILL-2026-01137,2026-06-27,AWS,ACCT-SHARED,Container Platform,us-east-1,res-shared-k8s-cluster-04,Shared-K8s-Node-Hours,609.85,USD,,,,,FINAL,2026-06-27T23:59:59Z
BILL-2026-01138,2026-06-28,AWS,ACCT-SHARED,Data Transfer,us-east-1,res-shared-gateway-04,Inter-Region-Data-GB,272.34,USD,,,,,FINAL,2026-06-28T23:59:59Z
BILL-2026-01139,2026-06-17,AWS,ACCT-SHARED,Container Platform,us-east-1,res-shared-k8s-cluster-05,Shared-K8s-Node-Hours,757.43,USD,,,,,FINAL,2026-06-17T23:59:59Z
BILL-2026-01140,2026-06-20,AWS,ACCT-SHARED,Data Transfer,us-east-1,res-shared-gateway-05,Inter-Region-Data-GB,229.7,USD,,,,,FINAL,2026-06-20T23:59:59Z
BILL-2026-01141,2026-06-11,AWS,ACCT-SHARED,Container Platform,us-east-1,res-shared-k8s-cluster-06,Shared-K8s-Node-Hours,551.77,USD,,,,,FINAL,2026-06-11T23:59:59Z
BILL-2026-01142,2026-06-21,AWS,ACCT-SHARED,Data Transfer,us-east-1,res-shared-gateway-06,Inter-Region-Data-GB,260.14,USD,,,,,FINAL,2026-06-21T23:59:59Z
BILL-2026-01143,2026-06-17,AWS,ACCT-SHARED,Container Platform,us-east-1,res-shared-k8s-cluster-07,Shared-K8s-Node-Hours,910.97,USD,,,,,FINAL,2026-06-17T23:59:59Z
BILL-2026-01144,2026-06-17,AWS,ACCT-SHARED,Data Transfer,us-east-1,res-shared-gateway-07,Inter-Region-Data-GB,389.63,USD,,,,,FINAL,2026-06-17T23:59:59Z
BILL-2026-01145,2026-06-20,AWS,ACCT-SHARED,Container Platform,us-east-1,res-shared-k8s-cluster-08,Shared-K8s-Node-Hours,633.55,USD,,,,,FINAL,2026-06-20T23:59:59Z
BILL-2026-01146,2026-06-13,AWS,ACCT-SHARED,Data Transfer,us-east-1,res-shared-gateway-08,Inter-Region-Data-GB,206.25,USD,,,,,FINAL,2026-06-13T23:59:59Z
BILL-2026-01147,2026-06-21,AWS,ACCT-SHARED,Container Platform,us-east-1,res-shared-k8s-cluster-09,Shared-K8s-Node-Hours,607.26,USD,,,,,FINAL,2026-06-21T23:59:59Z
BILL-2026-01148,2026-06-21,AWS,ACCT-SHARED,Data Transfer,us-east-1,res-shared-gateway-09,Inter-Region-Data-GB,310.19,USD,,,,,FINAL,2026-06-21T23:59:59Z
BILL-2026-01149,2026-06-21,AWS,ACCT-SHARED,Container Platform,us-east-1,res-shared-k8s-cluster-10,Shared-K8s-Node-Hours,570.44,USD,,,,,FINAL,2026-06-21T23:59:59Z
BILL-2026-01150,2026-06-15,AWS,ACCT-SHARED,Data Transfer,us-east-1,res-shared-gateway-10,Inter-Region-Data-GB,247.68,USD,,,,,FINAL,2026-06-15T23:59:59Z
BILL-2026-01151,2026-06-18,AWS,ACCT-SHARED,Container Platform,us-east-1,res-shared-k8s-cluster-11,Shared-K8s-Node-Hours,863.52,USD,,,,,FINAL,2026-06-18T23:59:59Z
BILL-2026-01152,2026-06-25,AWS,ACCT-SHARED,Data Transfer,us-east-1,res-shared-gateway-11,Inter-Region-Data-GB,111.35,USD,,,,,FINAL,2026-06-25T23:59:59Z
BILL-2026-01153,2026-06-10,AWS,ACCT-SHARED,Container Platform,us-east-1,res-shared-k8s-cluster-12,Shared-K8s-Node-Hours,816.13,USD,,,,,FINAL,2026-06-10T23:59:59Z
BILL-2026-01154,2026-06-12,AWS,ACCT-SHARED,Data Transfer,us-east-1,res-shared-gateway-12,Inter-Region-Data-GB,209.55,USD,,,,,FINAL,2026-06-12T23:59:59Z
BILL-2026-01155,2026-06-15,AWS,ACCT-SHARED,Container Platform,us-east-1,res-shared-k8s-cluster-13,Shared-K8s-Node-Hours,845.26,USD,,,,,FINAL,2026-06-15T23:59:59Z
BILL-2026-01156,2026-06-25,AWS,ACCT-SHARED,Data Transfer,us-east-1,res-shared-gateway-13,Inter-Region-Data-GB,129.14,USD,,,,,FINAL,2026-06-25T23:59:59Z
BILL-2026-01157,2026-06-25,AWS,ACCT-SHARED,Container Platform,us-east-1,res-shared-k8s-cluster-14,Shared-K8s-Node-Hours,463.12,USD,,,,,FINAL,2026-06-25T23:59:59Z
BILL-2026-01158,2026-06-20,AWS,ACCT-SHARED,Data Transfer,us-east-1,res-shared-gateway-14,Inter-Region-Data-GB,254.82,USD,,,,,FINAL,2026-06-20T23:59:59Z
BILL-2026-01159,2026-06-13,AWS,ACCT-SHARED,Container Platform,us-east-1,res-shared-k8s-cluster-15,Shared-K8s-Node-Hours,468.14,USD,,,,,FINAL,2026-06-13T23:59:59Z
BILL-2026-01160,2026-06-28,AWS,ACCT-SHARED,Data Transfer,us-east-1,res-shared-gateway-15,Inter-Region-Data-GB,333.89,USD,,,,,FINAL,2026-06-28T23:59:59Z
BILL-2026-01161,2026-06-25,AWS,ACCT-SHARED,Serverless,us-east-1,res-orphan-serverless-001,Function-Invocations,151.74,USD,,,,,FINAL,2026-06-25T23:59:59Z
BILL-2026-01162,2026-06-17,AWS,ACCT-SHARED,Object Storage,us-west-2,res-conflict-storage-002,Standard-Storage-GB,442.99,USD,,,,,FINAL,2026-06-17T23:59:59Z
BILL-2026-01163,2026-06-23,AWS,ACCT-ANALYTICS,Compute,us-west-2,res-corrupt-prod-003,vCPU-Hours,1026.82,USD,env=prod;bu=Analytics;product=ClinicalData,Clinical Analytics Platform,Report Generation,Clinical Analytics,FINAL,2026-06-23T23:59:59Z
BILL-2026-01164,2026-06-27,AWS,ACCT-IMAGING,Compute,us-east-1,res-spike-imaging-gpu-004,GPU-Processing-Hours,6450,USD,,,,,FINAL,2026-06-27T23:59:59Z